"Date","Price","Open","High","Low","Vol.","Change %"
"03/06/2023","1,854.72","1,852.51","1,855.26","1,850.96","","0.12%"
"03/05/2023","1,852.43","1,854.24","1,854.89","1,852.22","","-0.14%"
"03/03/2023","1,854.97","1,836.10","1,856.47","1,834.51","","1.03%"
"03/02/2023","1,836.00","1,837.20","1,838.94","1,829.44","","-0.04%"
"03/01/2023","1,836.81","1,827.24","1,845.05","1,823.05","","0.53%"
"02/28/2023","1,827.15","1,817.38","1,831.27","1,804.65","","0.54%"
"02/27/2023","1,817.31","1,812.01","1,820.22","1,806.68","","0.36%"
"02/24/2023","1,810.81","1,822.74","1,827.98","1,808.91","","-0.65%"
"02/23/2023","1,822.64","1,825.12","1,834.43","1,817.55","","-0.13%"
"02/22/2023","1,825.04","1,834.71","1,846.26","1,823.05","","-0.51%"
"02/21/2023","1,834.32","1,841.71","1,844.44","1,829.70","","-0.37%"
"02/20/2023","1,841.14","1,842.73","1,847.86","1,837.09","","-0.02%"
"02/17/2023","1,841.59","1,837.52","1,843.77","1,818.34","","0.23%"
"02/16/2023","1,837.44","1,836.56","1,845.45","1,827.18","","0.07%"
"02/15/2023","1,836.19","1,854.35","1,860.18","1,830.20","","-0.98%"
"02/14/2023","1,854.29","1,853.67","1,871.03","1,843.20","","0.05%"
"02/13/2023","1,853.39","1,865.69","1,866.83","1,850.42","","-0.60%"
"02/10/2023","1,864.67","1,861.68","1,872.31","1,852.69","","0.18%"
"02/09/2023","1,861.39","1,875.64","1,890.69","1,858.89","","-0.76%"
"02/08/2023","1,875.59","1,874.05","1,886.28","1,867.40","","0.09%"
"02/07/2023","1,873.81","1,867.39","1,884.45","1,864.94","","0.35%"
"02/06/2023","1,867.36","1,865.17","1,881.54","1,860.39","","0.10%"
"02/03/2023","1,865.53","1,912.57","1,918.72","1,861.41","","-2.45%"
"02/02/2023","1,912.37","1,950.54","1,959.77","1,911.33","","-1.95%"
"02/01/2023","1,950.42","1,927.92","1,954.63","1,920.56","","1.17%"
"01/31/2023","1,927.88","1,922.82","1,931.15","1,900.74","","0.28%"
"01/30/2023","1,922.52","1,928.40","1,934.61","1,920.58","","-0.25%"
"01/27/2023","1,927.34","1,929.40","1,935.15","1,916.65","","-0.09%"
"01/26/2023","1,928.99","1,946.09","1,949.27","1,918.74","","-0.87%"
"01/25/2023","1,945.93","1,937.54","1,948.12","1,919.88","","0.44%"
"01/24/2023","1,937.45","1,931.35","1,942.93","1,916.82","","0.32%"
"01/23/2023","1,931.30","1,926.20","1,935.69","1,911.44","","0.25%"
"01/20/2023","1,926.57","1,931.48","1,937.72","1,920.58","","-0.25%"
"01/19/2023","1,931.39","1,903.83","1,935.40","1,900.48","","1.45%"
"01/18/2023","1,903.76","1,908.46","1,926.30","1,896.56","","-0.24%"
"01/17/2023","1,908.39","1,917.81","1,919.83","1,903.51","","-0.50%"
"01/16/2023","1,918.00","1,920.39","1,929.24","1,910.74","","-0.12%"
"01/13/2023","1,920.21","1,897.03","1,922.24","1,891.80","","1.23%"
"01/12/2023","1,896.86","1,876.43","1,901.88","1,873.64","","1.09%"
"01/11/2023","1,876.38","1,877.30","1,887.09","1,866.75","","-0.05%"
"01/10/2023","1,877.27","1,871.66","1,881.04","1,867.37","","0.30%"
"01/09/2023","1,871.59","1,865.45","1,881.80","1,864.59","","0.32%"
"01/06/2023","1,865.71","1,833.27","1,870.37","1,830.53","","1.77%"
"01/05/2023","1,833.19","1,854.19","1,859.36","1,824.68","","-1.13%"
"01/04/2023","1,854.09","1,839.51","1,865.49","1,835.92","","0.79%"
"01/03/2023","1,839.49","1,826.14","1,850.69","1,824.42","","0.87%"
"01/02/2023","1,823.69","1,823.85","1,823.94","1,823.85","","-0.04%"
"12/30/2022","1,824.40","1,815.14","1,826.73","1,809.84","","0.52%"
"12/29/2022","1,814.89","1,804.16","1,820.52","1,802.02","","0.60%"
"12/28/2022","1,804.09","1,814.00","1,815.18","1,796.56","","-0.54%"
"12/27/2022","1,813.93","1,796.67","1,833.39","1,796.20","","0.91%"
"12/26/2022","1,797.61","1,798.57","1,798.78","1,798.04","","-0.02%"
"12/23/2022","1,797.91","1,792.65","1,803.60","1,789.62","","0.30%"
"12/22/2022","1,792.57","1,814.20","1,821.10","1,784.11","","-1.19%"
"12/21/2022","1,814.13","1,818.06","1,824.39","1,811.24","","-0.18%"
"12/20/2022","1,817.41","1,787.49","1,821.60","1,784.21","","1.68%"
"12/19/2022","1,787.44","1,793.13","1,799.10","1,783.48","","-0.27%"
"12/16/2022","1,792.34","1,776.72","1,794.69","1,773.89","","0.88%"
"12/15/2022","1,776.66","1,807.40","1,809.09","1,772.00","","-1.69%"
"12/14/2022","1,807.27","1,810.49","1,814.19","1,796.07","","-0.17%"
"12/13/2022","1,810.29","1,781.21","1,824.87","1,779.81","","1.64%"
"12/12/2022","1,781.15","1,797.35","1,798.00","1,777.22","","-0.86%"
"12/09/2022","1,796.63","1,789.30","1,806.45","1,787.96","","0.41%"
"12/08/2022","1,789.23","1,786.29","1,795.18","1,780.96","","0.17%"
"12/07/2022","1,786.22","1,771.14","1,790.92","1,768.32","","0.86%"
"12/06/2022","1,770.91","1,768.67","1,781.46","1,765.72","","0.14%"
"12/05/2022","1,768.39","1,797.92","1,810.33","1,765.32","","-1.64%"
"12/02/2022","1,797.82","1,803.15","1,804.93","1,778.26","","-0.28%"
"12/01/2022","1,802.89","1,768.54","1,804.32","1,767.36","","1.95%"
"11/30/2022","1,768.45","1,749.82","1,770.39","1,744.41","","1.07%"
"11/29/2022","1,749.73","1,740.82","1,759.33","1,738.98","","0.52%"
"11/28/2022","1,740.75","1,755.00","1,764.08","1,739.14","","-0.88%"
"11/25/2022","1,756.14","1,756.48","1,761.58","1,745.46","","0.07%"
"11/24/2022","1,754.96","1,749.53","1,759.08","1,749.03","","0.32%"
"11/23/2022","1,749.28","1,740.30","1,753.54","1,728.25","","0.52%"
"11/22/2022","1,740.24","1,738.48","1,749.98","1,736.61","","0.14%"
"11/21/2022","1,737.81","1,750.82","1,753.52","1,732.03","","-0.68%"
"11/18/2022","1,749.74","1,760.74","1,767.98","1,747.04","","-0.63%"
"11/17/2022","1,760.87","1,773.82","1,775.20","1,754.13","","-0.73%"
"11/16/2022","1,773.77","1,778.34","1,785.49","1,769.82","","-0.25%"
"11/15/2022","1,778.25","1,771.88","1,786.68","1,766.56","","0.36%"
"11/14/2022","1,771.80","1,771.42","1,775.36","1,752.90","","0.06%"
"11/11/2022","1,770.69","1,754.92","1,773.17","1,746.85","","0.90%"
"11/10/2022","1,754.86","1,706.42","1,757.52","1,703.32","","2.84%"
"11/09/2022","1,706.32","1,712.60","1,722.94","1,701.79","","-0.36%"
"11/08/2022","1,712.52","1,674.75","1,717.31","1,664.32","","2.26%"
"11/07/2022","1,674.68","1,681.30","1,682.08","1,666.44","","-0.33%"
"11/04/2022","1,680.27","1,629.40","1,682.17","1,628.23","","3.14%"
"11/03/2022","1,629.15","1,635.80","1,641.32","1,616.18","","-0.35%"
"11/02/2022","1,634.89","1,647.77","1,669.60","1,634.40","","-0.77%"
"11/01/2022","1,647.50","1,633.40","1,657.13","1,630.93","","0.88%"
"10/31/2022","1,633.12","1,643.69","1,645.80","1,631.77","","-0.53%"
"10/28/2022","1,641.76","1,663.30","1,667.44","1,637.39","","-1.27%"
"10/27/2022","1,662.94","1,664.50","1,671.09","1,654.81","","-0.09%"
"10/26/2022","1,664.49","1,653.21","1,675.12","1,649.15","","0.72%"
"10/25/2022","1,652.52","1,649.70","1,662.89","1,637.82","","0.24%"
"10/24/2022","1,648.60","1,658.19","1,670.55","1,643.64","","-0.49%"
"10/21/2022","1,656.66","1,628.10","1,659.08","1,617.21","","1.78%"
"10/20/2022","1,627.66","1,629.93","1,645.83","1,621.93","","-0.05%"
"10/19/2022","1,628.49","1,651.99","1,654.90","1,627.25","","-1.41%"
"10/18/2022","1,651.83","1,650.49","1,661.27","1,645.61","","0.11%"
"10/17/2022","1,649.94","1,644.09","1,668.69","1,643.69","","0.50%"
"10/14/2022","1,641.76","1,665.90","1,672.02","1,639.90","","-1.44%"
"10/13/2022","1,665.80","1,673.30","1,682.84","1,642.25","","-0.40%"
"10/12/2022","1,672.51","1,666.49","1,678.90","1,660.95","","0.43%"
"10/11/2022","1,665.31","1,668.40","1,684.44","1,660.45","","-0.16%"
"10/10/2022","1,667.96","1,696.80","1,700.33","1,665.30","","-1.57%"
"10/07/2022","1,694.52","1,711.10","1,715.40","1,690.35","","-0.95%"
"10/06/2022","1,710.85","1,716.06","1,726.09","1,706.53","","-0.29%"
"10/05/2022","1,715.81","1,726.42","1,728.10","1,700.15","","-0.60%"
"10/04/2022","1,726.24","1,699.40","1,729.73","1,694.73","","1.59%"
"10/03/2022","1,699.22","1,661.30","1,701.80","1,659.10","","2.38%"
"09/30/2022","1,659.67","1,661.13","1,675.57","1,658.93","","-0.04%"
"09/29/2022","1,660.29","1,659.88","1,665.12","1,641.05","","0.05%"
"09/28/2022","1,659.44","1,629.26","1,663.17","1,614.35","","1.88%"
"09/27/2022","1,628.80","1,621.99","1,642.94","1,621.77","","0.45%"
"09/26/2022","1,621.57","1,645.40","1,650.02","1,620.80","","-1.31%"
"09/23/2022","1,643.09","1,671.55","1,676.59","1,639.59","","-1.64%"
"09/22/2022","1,670.53","1,675.06","1,685.49","1,655.53","","-0.19%"
"09/21/2022","1,673.74","1,663.67","1,688.15","1,654.15","","0.64%"
"09/20/2022","1,663.11","1,675.47","1,679.34","1,659.60","","-0.76%"
"09/19/2022","1,675.78","1,675.44","1,680.16","1,659.67","","0.05%"
"09/16/2022","1,674.94","1,664.27","1,680.69","1,653.85","","0.67%"
"09/15/2022","1,663.74","1,696.06","1,698.62","1,660.04","","-1.89%"
"09/14/2022","1,695.80","1,701.86","1,707.49","1,693.26","","-0.34%"
"09/13/2022","1,701.55","1,724.75","1,732.34","1,696.70","","-1.31%"
"09/12/2022","1,724.07","1,717.05","1,735.37","1,711.97","","0.47%"
"09/09/2022","1,716.05","1,708.84","1,729.94","1,708.22","","0.51%"
"09/08/2022","1,707.28","1,718.40","1,728.80","1,703.50","","-0.61%"
"09/07/2022","1,717.69","1,701.61","1,719.82","1,690.90","","0.97%"
"09/06/2022","1,701.15","1,710.56","1,727.24","1,699.30","","-0.53%"
"09/05/2022","1,710.21","1,712.99","1,716.34","1,707.47","","-0.07%"
"09/02/2022","1,711.44","1,696.35","1,718.31","1,694.64","","0.91%"
"09/01/2022","1,696.09","1,711.09","1,711.81","1,688.35","","-0.85%"
"08/31/2022","1,710.70","1,723.83","1,726.86","1,709.10","","-0.75%"
"08/30/2022","1,723.55","1,738.36","1,740.93","1,720.85","","-0.82%"
"08/29/2022","1,737.82","1,736.19","1,745.63","1,720.08","","0.06%"
"08/26/2022","1,736.86","1,758.55","1,759.31","1,733.83","","-1.23%"
"08/25/2022","1,758.44","1,751.55","1,765.93","1,749.71","","0.43%"
"08/24/2022","1,750.89","1,748.55","1,755.88","1,742.29","","0.18%"
"08/23/2022","1,747.67","1,736.40","1,754.28","1,730.52","","0.69%"
"08/22/2022","1,735.70","1,747.05","1,749.31","1,727.51","","-0.69%"
"08/19/2022","1,747.83","1,759.30","1,759.88","1,745.19","","-0.59%"
"08/18/2022","1,758.20","1,761.63","1,772.59","1,755.37","","-0.16%"
"08/17/2022","1,761.05","1,775.98","1,782.63","1,759.58","","-0.82%"
"08/16/2022","1,775.54","1,779.74","1,783.37","1,771.33","","-0.21%"
"08/15/2022","1,779.36","1,802.05","1,802.53","1,772.75","","-1.24%"
"08/12/2022","1,801.76","1,790.06","1,802.86","1,784.52","","0.69%"
"08/11/2022","1,789.45","1,792.39","1,799.40","1,783.24","","-0.15%"
"08/10/2022","1,792.13","1,794.21","1,807.90","1,787.32","","-0.11%"
"08/09/2022","1,794.08","1,789.21","1,800.45","1,782.85","","0.31%"
"08/08/2022","1,788.52","1,773.57","1,790.26","1,770.94","","0.81%"
"08/05/2022","1,774.15","1,791.16","1,795.29","1,764.88","","-0.94%"
"08/04/2022","1,790.97","1,765.34","1,795.29","1,763.00","","1.48%"
"08/03/2022","1,764.90","1,760.53","1,772.90","1,754.33","","0.29%"
"08/02/2022","1,759.75","1,772.23","1,788.24","1,759.86","","-0.68%"
"08/01/2022","1,771.73","1,765.05","1,775.22","1,758.05","","0.37%"
"07/29/2022","1,765.22","1,755.81","1,768.17","1,752.19","","0.58%"
"07/28/2022","1,755.11","1,734.61","1,757.43","1,733.59","","1.22%"
"07/27/2022","1,733.89","1,717.41","1,740.60","1,711.46","","0.98%"
"07/26/2022","1,717.00","1,719.69","1,728.36","1,713.20","","-0.10%"
"07/25/2022","1,718.78","1,728.15","1,736.43","1,714.57","","-0.44%"
"07/22/2022","1,726.46","1,718.61","1,739.28","1,712.93","","0.46%"
"07/21/2022","1,718.49","1,696.73","1,720.69","1,680.78","","1.30%"
"07/20/2022","1,696.43","1,711.30","1,714.94","1,692.53","","-0.86%"
"07/19/2022","1,711.07","1,709.27","1,718.64","1,704.96","","0.12%"
"07/18/2022","1,709.01","1,707.94","1,724.05","1,705.89","","0.13%"
"07/15/2022","1,706.78","1,709.81","1,716.92","1,698.82","","-0.16%"
"07/14/2022","1,709.45","1,735.70","1,736.94","1,697.48","","-1.49%"
"07/13/2022","1,735.23","1,726.17","1,745.54","1,707.38","","0.55%"
"07/12/2022","1,725.81","1,733.99","1,743.49","1,722.93","","-0.45%"
"07/11/2022","1,733.67","1,742.86","1,744.92","1,731.01","","-0.47%"
"07/08/2022","1,741.82","1,740.05","1,752.50","1,733.24","","0.13%"
"07/07/2022","1,739.61","1,738.93","1,749.14","1,735.95","","0.08%"
"07/06/2022","1,738.30","1,764.87","1,773.06","1,731.75","","-1.48%"
"07/05/2022","1,764.35","1,808.74","1,812.42","1,763.48","","-2.47%"
"07/04/2022","1,809.12","1,812.27","1,814.36","1,803.45","","-0.06%"
"07/01/2022","1,810.18","1,807.31","1,812.09","1,784.10","","0.18%"
"06/30/2022","1,806.89","1,817.80","1,825.90","1,802.20","","-0.56%"
"06/29/2022","1,817.11","1,819.95","1,833.24","1,812.10","","-0.14%"
"06/28/2022","1,819.69","1,822.85","1,830.09","1,818.20","","-0.17%"
"06/27/2022","1,822.73","1,838.15","1,841.34","1,820.40","","-0.19%"
"06/24/2022","1,826.18","1,822.88","1,832.15","1,816.70","","0.21%"
"06/23/2022","1,822.43","1,837.87","1,846.19","1,821.88","","-0.81%"
"06/22/2022","1,837.39","1,832.96","1,848.44","1,823.23","","0.26%"
"06/21/2022","1,832.56","1,838.37","1,844.15","1,828.29","","-0.31%"
"06/20/2022","1,838.29","1,840.40","1,846.42","1,834.49","","-0.06%"
"06/17/2022","1,839.35","1,857.34","1,858.29","1,833.72","","-0.93%"
"06/16/2022","1,856.71","1,833.99","1,857.91","1,815.95","","1.27%"
"06/15/2022","1,833.38","1,808.35","1,841.74","1,807.24","","1.40%"
"06/14/2022","1,808.10","1,819.10","1,832.19","1,804.65","","-0.59%"
"06/13/2022","1,818.77","1,875.80","1,877.38","1,818.90","","-2.79%"
"06/10/2022","1,870.96","1,848.09","1,876.47","1,825.02","","1.26%"
"06/09/2022","1,847.61","1,853.53","1,855.52","1,839.60","","-0.30%"
"06/08/2022","1,853.26","1,852.51","1,859.90","1,844.35","","0.07%"
"06/07/2022","1,851.97","1,841.60","1,855.86","1,836.73","","0.60%"
"06/06/2022","1,841.00","1,850.29","1,858.15","1,840.50","","-0.53%"
"06/03/2022","1,850.77","1,868.53","1,874.30","1,847.02","","-0.93%"
"06/02/2022","1,868.13","1,846.44","1,870.69","1,843.76","","1.22%"
"06/01/2022","1,845.55","1,837.37","1,850.40","1,828.28","","0.46%"
"05/31/2022","1,837.09","1,856.40","1,857.69","1,834.90","","-1.03%"
"05/30/2022","1,856.21","1,852.19","1,864.34","1,847.92","","0.19%"
"05/27/2022","1,852.73","1,850.48","1,862.30","1,847.76","","0.15%"
"05/26/2022","1,850.02","1,853.48","1,854.71","1,841.14","","-0.15%"
"05/25/2022","1,852.83","1,865.09","1,868.40","1,842.94","","-0.70%"
"05/24/2022","1,865.90","1,853.59","1,869.99","1,849.06","","0.68%"
"05/23/2022","1,853.22","1,846.53","1,865.65","1,844.08","","0.41%"
"05/20/2022","1,845.68","1,842.12","1,849.59","1,832.35","","0.22%"
"05/19/2022","1,841.72","1,816.60","1,849.46","1,810.55","","1.44%"
"05/18/2022","1,815.61","1,815.20","1,825.02","1,807.30","","0.05%"
"05/17/2022","1,814.67","1,824.18","1,836.55","1,812.68","","-0.50%"
"05/16/2022","1,823.79","1,811.05","1,827.23","1,786.95","","0.70%"
"05/13/2022","1,811.15","1,822.48","1,829.06","1,799.24","","-0.58%"
"05/12/2022","1,821.72","1,852.58","1,859.30","1,820.93","","-1.64%"
"05/11/2022","1,852.12","1,838.41","1,857.99","1,831.83","","0.76%"
"05/10/2022","1,838.14","1,853.74","1,865.76","1,835.46","","-0.85%"
"05/09/2022","1,853.92","1,883.80","1,885.95","1,851.36","","-1.54%"
"05/06/2022","1,882.96","1,877.30","1,892.93","1,865.84","","0.33%"
"05/05/2022","1,876.84","1,881.47","1,910.03","1,872.48","","-0.22%"
"05/04/2022","1,880.92","1,868.04","1,889.74","1,861.17","","0.70%"
"05/03/2022","1,867.79","1,863.05","1,878.19","1,850.33","","0.27%"
"05/02/2022","1,862.77","1,896.09","1,900.10","1,854.74","","-1.77%"
"04/29/2022","1,896.40","1,894.43","1,919.97","1,892.25","","0.11%"
"04/28/2022","1,894.34","1,886.14","1,897.32","1,872.19","","0.44%"
"04/27/2022","1,886.12","1,905.45","1,907.25","1,881.39","","-1.02%"
"04/26/2022","1,905.56","1,897.95","1,911.50","1,895.38","","0.41%"
"04/25/2022","1,897.69","1,931.09","1,934.71","1,891.05","","-1.66%"
"04/22/2022","1,929.73","1,951.49","1,955.93","1,926.52","","-1.12%"
"04/21/2022","1,951.49","1,957.84","1,958.00","1,936.79","","-0.30%"
"04/20/2022","1,957.41","1,950.34","1,958.57","1,939.16","","0.39%"
"04/19/2022","1,949.84","1,979.19","1,982.31","1,943.80","","-1.45%"
"04/18/2022","1,978.50","1,972.84","1,998.60","1,971.05","","0.20%"
"04/15/2022","1,974.54","1,974.28","1,975.69","1,973.05","","0.05%"
"04/14/2022","1,973.52","1,977.78","1,980.81","1,960.90","","-0.21%"
"04/13/2022","1,977.72","1,967.21","1,981.82","1,962.59","","0.57%"
"04/12/2022","1,966.59","1,953.99","1,978.63","1,949.48","","0.67%"
"04/11/2022","1,953.43","1,947.15","1,969.41","1,940.05","","0.39%"
"04/08/2022","1,945.85","1,931.92","1,948.46","1,927.38","","0.71%"
"04/07/2022","1,932.17","1,925.32","1,938.07","1,920.27","","0.35%"
"04/06/2022","1,925.48","1,923.69","1,933.65","1,915.24","","0.09%"
"04/05/2022","1,923.76","1,933.38","1,944.73","1,917.74","","-0.45%"
"04/04/2022","1,932.44","1,924.94","1,937.05","1,915.55","","0.42%"
"04/01/2022","1,924.30","1,937.51","1,939.99","1,917.56","","-0.67%"
"03/31/2022","1,937.23","1,932.80","1,949.92","1,918.98","","0.22%"
"03/30/2022","1,933.06","1,920.07","1,938.53","1,915.74","","0.72%"
"03/29/2022","1,919.19","1,922.95","1,929.41","1,890.03","","-0.21%"
"03/28/2022","1,923.20","1,958.75","1,959.36","1,916.83","","-1.75%"
"03/25/2022","1,957.40","1,957.49","1,964.49","1,943.55","","0.00%"
"03/24/2022","1,957.48","1,944.88","1,966.19","1,937.18","","0.73%"
"03/23/2022","1,943.38","1,922.35","1,948.55","1,915.32","","1.14%"
"03/22/2022","1,921.44","1,935.86","1,938.59","1,910.89","","-0.75%"
"03/21/2022","1,935.95","1,922.24","1,940.69","1,918.01","","0.77%"
"03/18/2022","1,921.09","1,942.90","1,945.51","1,917.93","","-1.11%"
"03/17/2022","1,942.64","1,927.56","1,950.10","1,923.40","","0.76%"
"03/16/2022","1,927.93","1,918.10","1,929.87","1,895.22","","0.53%"
"03/15/2022","1,917.84","1,951.02","1,954.95","1,906.73","","-1.71%"
"03/14/2022","1,951.11","1,985.49","1,990.33","1,949.87","","-1.72%"
"03/11/2022","1,985.29","1,996.15","1,999.22","1,958.80","","-0.53%"
"03/10/2022","1,995.86","1,991.94","2,009.57","1,970.66","","0.22%"
"03/09/2022","1,991.49","2,052.75","2,059.25","1,976.30","","-2.97%"
"03/08/2022","2,052.41","1,998.30","2,070.29","1,981.00","","2.72%"
"03/07/2022","1,998.11","1,977.09","2,002.90","1,960.76","","1.51%"
"03/04/2022","1,968.45","1,935.65","1,970.80","1,929.78","","1.72%"
"03/03/2022","1,935.21","1,926.49","1,941.47","1,921.73","","0.47%"
"03/02/2022","1,926.11","1,943.69","1,948.18","1,913.82","","-0.88%"
"03/01/2022","1,943.22","1,908.19","1,950.45","1,900.93","","1.85%"
"02/28/2022","1,907.90","1,920.86","1,929.36","1,890.59","","1.08%"
"02/25/2022","1,887.56","1,903.55","1,921.54","1,883.10","","-0.82%"
"02/24/2022","1,903.14","1,907.99","1,974.48","1,879.05","","-0.23%"
"02/23/2022","1,907.55","1,898.44","1,911.00","1,889.23","","0.50%"
"02/22/2022","1,898.13","1,905.89","1,914.44","1,891.16","","-0.39%"
"02/21/2022","1,905.63","1,900.40","1,908.38","1,887.19","","0.41%"
"02/18/2022","1,897.87","1,897.94","1,902.84","1,886.16","","0.03%"
"02/17/2022","1,897.27","1,868.84","1,901.57","1,867.18","","1.55%"
"02/16/2022","1,868.37","1,853.40","1,873.16","1,849.94","","0.83%"
"02/15/2022","1,853.06","1,870.94","1,879.89","1,844.27","","-0.92%"
"02/14/2022","1,870.29","1,861.55","1,874.41","1,850.45","","0.56%"
"02/11/2022","1,859.96","1,827.25","1,865.63","1,820.79","","1.83%"
"02/10/2022","1,826.57","1,832.94","1,842.35","1,821.46","","-0.32%"
"02/09/2022","1,832.43","1,826.05","1,836.35","1,824.50","","0.38%"
"02/08/2022","1,825.48","1,820.59","1,829.09","1,815.06","","0.28%"
"02/07/2022","1,820.31","1,806.99","1,824.06","1,806.94","","0.71%"
"02/04/2022","1,807.49","1,804.80","1,815.44","1,790.94","","0.17%"
"02/03/2022","1,804.40","1,807.19","1,809.22","1,788.39","","-0.12%"
"02/02/2022","1,806.50","1,800.94","1,811.53","1,794.11","","0.32%"
"02/01/2022","1,800.65","1,796.72","1,809.16","1,795.13","","0.23%"
"01/31/2022","1,796.47","1,791.19","1,800.23","1,785.03","","0.30%"
"01/28/2022","1,791.03","1,796.94","1,799.82","1,779.88","","-0.30%"
"01/27/2022","1,796.51","1,818.44","1,822.51","1,790.98","","-1.19%"
"01/26/2022","1,818.12","1,847.99","1,850.44","1,814.90","","-1.59%"
"01/25/2022","1,847.56","1,843.34","1,853.98","1,834.64","","0.24%"
"01/24/2022","1,843.06","1,834.49","1,844.53","1,829.09","","0.54%"
"01/21/2022","1,833.24","1,838.65","1,843.53","1,828.04","","-0.28%"
"01/20/2022","1,838.36","1,840.30","1,848.36","1,835.67","","-0.09%"
"01/19/2022","1,839.96","1,813.69","1,843.72","1,809.97","","1.46%"
"01/18/2022","1,813.54","1,819.77","1,823.01","1,805.53","","-0.30%"
"01/17/2022","1,818.99","1,817.90","1,823.72","1,812.67","","0.10%"
"01/14/2022","1,817.22","1,822.55","1,829.66","1,814.13","","-0.27%"
"01/13/2022","1,822.09","1,825.94","1,828.38","1,811.83","","-0.18%"
"01/12/2022","1,825.32","1,822.49","1,828.33","1,814.20","","0.18%"
"01/11/2022","1,822.01","1,801.69","1,823.35","1,800.09","","1.14%"
"01/10/2022","1,801.41","1,795.41","1,802.57","1,790.43","","0.32%"
"01/07/2022","1,795.63","1,789.55","1,799.20","1,782.63","","0.39%"
"01/06/2022","1,788.68","1,809.94","1,811.89","1,786.03","","-1.15%"
"01/05/2022","1,809.53","1,814.90","1,829.82","1,807.97","","-0.28%"
"01/04/2022","1,814.56","1,801.34","1,816.83","1,798.44","","0.76%"
"01/03/2022","1,800.85","1,830.14","1,832.06","1,797.93","","-1.51%"
"12/31/2021","1,828.39","1,815.44","1,830.58","1,814.15","","0.74%"
"12/30/2021","1,815.01","1,803.99","1,817.44","1,795.78","","0.63%"
"12/29/2021","1,803.66","1,805.59","1,808.16","1,788.94","","-0.09%"
"12/28/2021","1,805.37","1,811.84","1,820.70","1,804.38","","-0.31%"
"12/27/2021","1,810.90","1,808.19","1,813.74","1,802.89","","0.15%"
"12/24/2021","1,808.11","1,808.19","1,812.70","1,801.61","","0.01%"
"12/23/2021","1,807.91","1,803.69","1,811.02","1,798.88","","0.25%"
"12/22/2021","1,803.40","1,788.94","1,805.13","1,785.41","","0.84%"
"12/21/2021","1,788.36","1,789.74","1,800.85","1,784.58","","-0.05%"
"12/20/2021","1,789.32","1,799.40","1,804.32","1,787.98","","-0.47%"
"12/17/2021","1,797.68","1,799.55","1,814.63","1,795.67","","-0.07%"
"12/16/2021","1,799.03","1,777.40","1,799.53","1,775.43","","1.24%"
"12/15/2021","1,777.06","1,770.49","1,781.04","1,753.84","","0.39%"
"12/14/2021","1,770.18","1,787.19","1,789.74","1,766.31","","-0.94%"
"12/13/2021","1,786.94","1,782.94","1,791.78","1,781.51","","0.25%"
"12/10/2021","1,782.51","1,774.94","1,789.47","1,769.43","","0.45%"
"12/09/2021","1,774.46","1,782.49","1,788.05","1,772.80","","-0.43%"
"12/08/2021","1,782.06","1,784.40","1,793.60","1,779.45","","-0.11%"
"12/07/2021","1,784.04","1,778.08","1,788.02","1,771.93","","0.33%"
"12/06/2021","1,778.11","1,784.79","1,787.87","1,775.91","","-0.32%"
"12/03/2021","1,783.74","1,768.84","1,786.44","1,765.63","","0.85%"
"12/02/2021","1,768.64","1,783.05","1,783.58","1,761.68","","-0.79%"
"12/01/2021","1,782.66","1,774.15","1,794.80","1,771.96","","0.50%"
"11/30/2021","1,773.78","1,785.34","1,809.38","1,769.43","","-0.63%"
"11/29/2021","1,785.01","1,790.05","1,799.80","1,781.23","","-0.38%"
"11/26/2021","1,791.81","1,788.70","1,815.78","1,780.79","","0.19%"
"11/25/2021","1,788.45","1,789.49","1,795.65","1,785.85","","0.00%"
"11/24/2021","1,788.50","1,790.34","1,797.01","1,778.44","","-0.07%"
"11/23/2021","1,789.73","1,805.65","1,812.50","1,781.63","","-0.85%"
"11/22/2021","1,805.04","1,846.74","1,849.49","1,801.95","","-2.14%"
"11/19/2021","1,844.60","1,858.90","1,865.76","1,842.98","","-0.75%"
"11/18/2021","1,858.46","1,866.97","1,871.29","1,854.94","","-0.46%"
"11/17/2021","1,866.96","1,850.34","1,868.32","1,849.38","","0.92%"
"11/16/2021","1,849.91","1,862.94","1,877.40","1,849.16","","-0.67%"
"11/15/2021","1,862.46","1,868.15","1,870.57","1,855.73","","-0.09%"
"11/12/2021","1,864.04","1,861.99","1,868.69","1,844.78","","0.14%"
"11/11/2021","1,861.52","1,849.69","1,866.35","1,842.66","","0.65%"
"11/10/2021","1,849.57","1,831.90","1,868.70","1,821.60","","0.99%"
"11/09/2021","1,831.48","1,824.74","1,833.08","1,817.70","","0.40%"
"11/08/2021","1,824.26","1,818.44","1,826.93","1,812.08","","0.41%"
"11/05/2021","1,816.73","1,792.14","1,818.61","1,785.17","","1.40%"
"11/04/2021","1,791.70","1,769.98","1,799.26","1,769.13","","1.25%"
"11/03/2021","1,769.52","1,787.71","1,788.42","1,758.45","","-0.99%"
"11/02/2021","1,787.28","1,793.61","1,796.91","1,785.78","","-0.32%"
"11/01/2021","1,793.05","1,783.24","1,796.20","1,778.89","","0.57%"
"10/29/2021","1,782.81","1,799.03","1,801.49","1,771.70","","-0.88%"
"10/28/2021","1,798.62","1,796.78","1,810.49","1,792.34","","0.11%"
"10/27/2021","1,796.69","1,793.04","1,799.38","1,782.83","","0.23%"
"10/26/2021","1,792.63","1,807.90","1,808.50","1,781.98","","-0.82%"
"10/25/2021","1,807.47","1,794.00","1,810.18","1,791.95","","0.84%"
"10/22/2021","1,792.48","1,782.89","1,814.22","1,782.46","","0.55%"
"10/21/2021","1,782.76","1,782.10","1,789.61","1,776.07","","0.05%"
"10/20/2021","1,781.83","1,769.28","1,788.68","1,766.50","","0.73%"
"10/19/2021","1,768.87","1,764.99","1,785.53","1,762.48","","0.24%"
"10/18/2021","1,764.60","1,767.74","1,772.30","1,759.68","","-0.15%"
"10/15/2021","1,767.26","1,795.81","1,796.89","1,764.48","","-1.58%"
"10/14/2021","1,795.56","1,792.75","1,800.91","1,786.22","","0.16%"
"10/13/2021","1,792.65","1,760.05","1,796.31","1,757.89","","1.86%"
"10/12/2021","1,759.93","1,754.12","1,769.78","1,750.47","","0.35%"
"10/11/2021","1,753.86","1,757.34","1,761.36","1,749.68","","-0.16%"
"10/08/2021","1,756.67","1,755.89","1,781.60","1,753.03","","0.08%"
"10/07/2021","1,755.29","1,762.74","1,767.45","1,751.38","","-0.41%"
"10/06/2021","1,762.48","1,760.45","1,765.78","1,745.45","","0.14%"
"10/05/2021","1,759.96","1,769.75","1,771.03","1,748.56","","-0.54%"
"10/04/2021","1,769.51","1,762.15","1,771.06","1,747.23","","0.52%"
"10/01/2021","1,760.36","1,756.91","1,764.40","1,749.36","","0.21%"
"09/30/2021","1,756.66","1,726.40","1,764.53","1,721.67","","1.77%"
"09/29/2021","1,726.11","1,733.97","1,746.11","1,721.07","","-0.44%"
"09/28/2021","1,733.68","1,750.45","1,754.80","1,727.18","","-0.92%"
"09/27/2021","1,749.85","1,751.24","1,761.29","1,744.19","","0.00%"
"09/24/2021","1,749.86","1,742.82","1,758.08","1,739.60","","0.42%"
"09/23/2021","1,742.57","1,768.40","1,776.60","1,737.84","","-1.43%"
"09/22/2021","1,767.91","1,774.51","1,787.51","1,764.84","","-0.36%"
"09/21/2021","1,774.25","1,764.19","1,782.07","1,757.61","","0.59%"
"09/20/2021","1,763.88","1,754.30","1,767.31","1,742.24","","0.55%"
"09/17/2021","1,754.16","1,753.67","1,768.22","1,747.07","","0.04%"
"09/16/2021","1,753.39","1,794.34","1,796.71","1,745.04","","-2.19%"
"09/15/2021","1,792.59","1,804.53","1,807.30","1,790.28","","-0.65%"
"09/14/2021","1,804.27","1,793.77","1,808.99","1,781.89","","0.60%"
"09/13/2021","1,793.49","1,788.55","1,798.66","1,783.73","","0.34%"
"09/10/2021","1,787.34","1,794.61","1,804.15","1,786.53","","-0.41%"
"09/09/2021","1,794.69","1,789.19","1,801.19","1,783.83","","0.32%"
"09/08/2021","1,788.93","1,794.41","1,802.60","1,781.98","","-0.29%"
"09/07/2021","1,794.13","1,823.27","1,827.39","1,792.33","","-1.59%"
"09/06/2021","1,823.10","1,828.66","1,830.60","1,820.58","","-0.17%"
"09/03/2021","1,826.19","1,809.98","1,834.55","1,808.53","","0.93%"
"09/02/2021","1,809.40","1,813.92","1,817.53","1,804.48","","-0.23%"
"09/01/2021","1,813.66","1,813.57","1,820.21","1,808.18","","0.01%"
"08/31/2021","1,813.43","1,810.26","1,819.43","1,801.47","","0.18%"
"08/30/2021","1,810.17","1,817.55","1,823.38","1,807.28","","-0.36%"
"08/27/2021","1,816.67","1,792.60","1,819.38","1,787.66","","1.37%"
"08/26/2021","1,792.16","1,791.09","1,798.61","1,779.48","","0.08%"
"08/25/2021","1,790.68","1,802.86","1,803.57","1,782.45","","-0.66%"
"08/24/2021","1,802.61","1,805.61","1,810.03","1,799.73","","-0.14%"
"08/23/2021","1,805.20","1,780.55","1,806.92","1,776.03","","1.37%"
"08/20/2021","1,780.87","1,780.44","1,788.85","1,777.96","","0.04%"
"08/19/2021","1,780.18","1,788.05","1,792.56","1,774.20","","-0.41%"
"08/18/2021","1,787.59","1,786.21","1,794.31","1,777.31","","0.09%"
"08/17/2021","1,785.96","1,787.51","1,795.77","1,780.28","","-0.07%"
"08/16/2021","1,787.24","1,778.44","1,789.51","1,770.38","","0.45%"
"08/13/2021","1,779.15","1,752.72","1,780.53","1,751.27","","1.52%"
"08/12/2021","1,752.44","1,751.66","1,758.62","1,741.29","","0.05%"
"08/11/2021","1,751.56","1,729.01","1,754.63","1,723.54","","1.32%"
"08/10/2021","1,728.71","1,729.74","1,738.49","1,717.17","","-0.04%"
"08/09/2021","1,729.46","1,763.34","1,764.65","1,684.77","","-1.89%"
"08/06/2021","1,762.69","1,804.28","1,804.93","1,758.33","","-2.29%"
"08/05/2021","1,804.01","1,811.69","1,815.45","1,797.74","","-0.41%"
"08/04/2021","1,811.41","1,810.60","1,832.10","1,806.54","","0.08%"
"08/03/2021","1,809.94","1,813.64","1,815.18","1,806.73","","-0.19%"
"08/02/2021","1,813.39","1,814.34","1,819.94","1,805.12","","-0.01%"
"07/30/2021","1,813.58","1,828.21","1,831.63","1,809.48","","-0.79%"
"07/29/2021","1,827.95","1,807.15","1,833.05","1,806.29","","1.17%"
"07/28/2021","1,806.88","1,799.00","1,809.90","1,792.60","","0.45%"
"07/27/2021","1,798.73","1,797.53","1,805.60","1,792.83","","0.08%"
"07/26/2021","1,797.27","1,802.65","1,811.97","1,795.68","","-0.23%"
"07/23/2021","1,801.34","1,806.95","1,810.56","1,790.45","","-0.30%"
"07/22/2021","1,806.69","1,803.58","1,808.34","1,792.11","","0.19%"
"07/21/2021","1,803.31","1,810.32","1,814.02","1,794.18","","-0.37%"
"07/20/2021","1,810.03","1,812.61","1,825.27","1,805.06","","-0.13%"
"07/19/2021","1,812.34","1,811.65","1,817.56","1,794.66","","0.08%"
"07/16/2021","1,810.89","1,829.45","1,832.20","1,808.65","","-1.00%"
"07/15/2021","1,829.19","1,827.35","1,833.99","1,820.07","","0.12%"
"07/14/2021","1,827.06","1,807.72","1,830.32","1,804.21","","1.09%"
"07/13/2021","1,807.44","1,806.17","1,817.51","1,798.54","","0.09%"
"07/12/2021","1,805.88","1,807.94","1,811.04","1,791.21","","-0.12%"
"07/09/2021","1,807.98","1,802.89","1,812.71","1,796.09","","0.30%"
"07/08/2021","1,802.56","1,803.67","1,818.70","1,794.28","","-0.05%"
"07/07/2021","1,803.41","1,796.96","1,810.13","1,793.64","","0.37%"
"07/06/2021","1,796.69","1,791.88","1,815.34","1,789.91","","0.28%"
"07/05/2021","1,791.61","1,787.69","1,795.69","1,784.09","","0.27%"
"07/02/2021","1,786.79","1,776.83","1,795.40","1,773.73","","0.57%"
"07/01/2021","1,776.60","1,770.06","1,783.07","1,765.47","","0.38%"
"06/30/2021","1,769.80","1,761.35","1,774.72","1,752.78","","0.49%"
"06/29/2021","1,761.09","1,778.44","1,779.24","1,750.11","","-0.96%"
"06/28/2021","1,778.18","1,781.24","1,785.90","1,770.69","","-0.12%"
"06/25/2021","1,780.34","1,775.46","1,790.60","1,773.27","","0.29%"
"06/24/2021","1,775.18","1,779.01","1,788.56","1,772.67","","-0.20%"
"06/23/2021","1,778.73","1,778.80","1,795.18","1,773.13","","0.01%"
"06/22/2021","1,778.51","1,783.23","1,790.42","1,771.99","","-0.25%"
"06/21/2021","1,782.95","1,764.44","1,786.75","1,764.44","","1.11%"
"06/18/2021","1,763.34","1,772.73","1,797.24","1,761.04","","-0.56%"
"06/17/2021","1,773.31","1,812.18","1,825.58","1,766.88","","-2.13%"
"06/16/2021","1,811.95","1,858.96","1,862.43","1,804.19","","-2.51%"
"06/15/2021","1,858.69","1,866.26","1,869.67","1,851.28","","-0.39%"
"06/14/2021","1,865.99","1,874.59","1,878.21","1,844.57","","-0.57%"
"06/11/2021","1,876.64","1,898.42","1,903.30","1,874.07","","-1.13%"
"06/10/2021","1,898.14","1,888.57","1,900.09","1,869.84","","0.52%"
"06/09/2021","1,888.30","1,893.49","1,899.40","1,886.58","","-0.24%"
"06/08/2021","1,892.82","1,898.99","1,903.95","1,883.38","","-0.33%"
"06/07/2021","1,899.00","1,888.49","1,900.41","1,880.88","","0.48%"
"06/04/2021","1,889.97","1,871.32","1,896.60","1,856.09","","1.04%"
"06/03/2021","1,870.57","1,908.09","1,909.89","1,865.11","","-1.96%"
"06/02/2021","1,907.94","1,900.05","1,909.34","1,894.05","","0.41%"
"06/01/2021","1,900.19","1,907.53","1,916.84","1,892.28","","-0.32%"
"05/31/2021","1,906.36","1,903.69","1,911.13","1,901.56","","0.20%"
"05/28/2021","1,902.64","1,897.05","1,905.90","1,881.84","","0.35%"
"05/27/2021","1,896.08","1,896.49","1,903.87","1,888.22","","-0.02%"
"05/26/2021","1,896.44","1,899.49","1,913.15","1,890.34","","-0.15%"
"05/25/2021","1,899.26","1,880.69","1,900.63","1,872.73","","0.97%"
"05/24/2021","1,881.07","1,882.34","1,887.44","1,875.19","","0.04%"
"05/21/2021","1,880.30","1,876.84","1,889.85","1,870.01","","0.19%"
"05/20/2021","1,876.69","1,869.74","1,884.12","1,863.53","","0.38%"
"05/19/2021","1,869.57","1,869.59","1,890.15","1,851.94","","0.07%"
"05/18/2021","1,868.22","1,866.59","1,875.40","1,862.94","","0.11%"
"05/17/2021","1,866.13","1,843.84","1,868.80","1,841.24","","1.30%"
"05/14/2021","1,842.19","1,826.49","1,845.55","1,819.79","","0.86%"
"05/13/2021","1,826.57","1,815.90","1,828.81","1,808.78","","0.61%"
"05/12/2021","1,815.44","1,837.40","1,843.69","1,813.00","","-1.17%"
"05/11/2021","1,836.94","1,834.58","1,842.32","1,817.68","","0.08%"
"05/10/2021","1,835.44","1,833.24","1,845.53","1,830.09","","0.27%"
"05/07/2021","1,830.48","1,815.48","1,843.45","1,812.90","","0.84%"
"05/06/2021","1,815.18","1,787.09","1,818.21","1,781.67","","1.61%"
"05/05/2021","1,786.44","1,778.91","1,788.35","1,769.95","","0.45%"
"05/04/2021","1,778.48","1,792.29","1,799.38","1,770.84","","-0.77%"
"05/03/2021","1,792.36","1,768.49","1,798.22","1,765.91","","1.34%"
"04/30/2021","1,768.59","1,772.90","1,773.98","1,763.73","","-0.15%"
"04/29/2021","1,771.24","1,780.90","1,790.43","1,756.19","","-0.57%"
"04/28/2021","1,781.32","1,776.80","1,782.85","1,762.56","","0.26%"
"04/27/2021","1,776.69","1,780.42","1,785.90","1,773.52","","-0.20%"
"04/26/2021","1,780.19","1,776.34","1,783.69","1,768.70","","0.17%"
"04/23/2021","1,777.18","1,784.33","1,796.06","1,770.05","","-0.38%"
"04/22/2021","1,783.94","1,794.15","1,798.29","1,776.83","","-0.53%"
"04/21/2021","1,793.46","1,778.64","1,797.98","1,775.95","","0.91%"
"04/20/2021","1,777.25","1,770.30","1,780.77","1,763.18","","0.45%"
"04/19/2021","1,769.31","1,779.50","1,790.54","1,765.98","","-0.39%"
"04/16/2021","1,776.31","1,763.84","1,784.07","1,759.79","","0.74%"
"04/15/2021","1,763.21","1,737.10","1,769.91","1,734.10","","1.57%"
"04/14/2021","1,736.00","1,744.30","1,749.58","1,732.13","","-0.45%"
"04/13/2021","1,743.83","1,732.59","1,749.23","1,723.27","","0.65%"
"04/12/2021","1,732.51","1,743.80","1,745.36","1,727.18","","-0.61%"
"04/09/2021","1,743.10","1,756.54","1,757.47","1,731.09","","-0.73%"
"04/08/2021","1,755.94","1,737.84","1,759.13","1,732.99","","1.07%"
"04/07/2021","1,737.28","1,742.96","1,744.57","1,730.13","","-0.36%"
"04/06/2021","1,743.57","1,728.49","1,745.68","1,726.82","","0.88%"
"04/05/2021","1,728.44","1,728.74","1,733.75","1,721.22","","-0.02%"
"04/02/2021","1,728.84","1,730.47","1,732.55","1,728.67","","-0.08%"
"04/01/2021","1,730.18","1,708.09","1,730.80","1,705.42","","1.36%"
"03/31/2021","1,707.01","1,685.59","1,715.28","1,677.93","","1.32%"
"03/30/2021","1,684.80","1,712.55","1,714.74","1,678.85","","-1.59%"
"03/29/2021","1,711.99","1,732.15","1,733.34","1,705.58","","-1.15%"
"03/26/2021","1,731.97","1,727.30","1,737.01","1,721.23","","0.30%"
"03/25/2021","1,726.82","1,735.65","1,745.95","1,721.84","","-0.42%"
"03/24/2021","1,734.19","1,727.80","1,738.56","1,723.85","","0.41%"
"03/23/2021","1,727.11","1,739.05","1,742.85","1,724.42","","-0.67%"
"03/22/2021","1,738.69","1,745.74","1,747.18","1,727.40","","-0.35%"
"03/19/2021","1,744.74","1,735.90","1,746.88","1,728.04","","0.48%"
"03/18/2021","1,736.41","1,745.09","1,755.59","1,719.05","","-0.46%"
"03/17/2021","1,744.44","1,730.61","1,751.81","1,724.14","","0.78%"
"03/16/2021","1,730.94","1,730.57","1,741.40","1,725.80","","-0.05%"
"03/15/2021","1,731.84","1,727.74","1,734.99","1,721.31","","0.31%"
"03/12/2021","1,726.41","1,721.59","1,728.42","1,698.85","","0.29%"
"03/11/2021","1,721.41","1,726.55","1,739.99","1,719.38","","-0.27%"
"03/10/2021","1,726.05","1,715.94","1,726.76","1,707.99","","0.62%"
"03/09/2021","1,715.36","1,682.55","1,720.83","1,679.80","","2.03%"
"03/08/2021","1,681.24","1,702.80","1,714.45","1,676.70","","-1.15%"
"03/05/2021","1,700.86","1,698.59","1,707.76","1,687.12","","0.22%"
"03/04/2021","1,697.19","1,711.84","1,723.34","1,690.64","","-0.80%"
"03/03/2021","1,710.95","1,738.59","1,740.85","1,701.94","","-1.56%"
"03/02/2021","1,738.09","1,724.10","1,738.89","1,707.18","","0.83%"
"03/01/2021","1,723.84","1,733.40","1,760.02","1,719.52","","-0.56%"
"02/26/2021","1,733.49","1,770.49","1,776.10","1,717.26","","-2.06%"
"02/25/2021","1,769.88","1,804.80","1,806.06","1,765.44","","-1.91%"
"02/24/2021","1,804.36","1,805.34","1,813.99","1,783.30","","-0.04%"
"02/23/2021","1,805.06","1,809.09","1,816.27","1,795.78","","-0.20%"
"02/22/2021","1,808.66","1,782.24","1,812.76","1,780.46","","1.48%"
"02/19/2021","1,782.31","1,776.19","1,791.70","1,760.13","","0.38%"
"02/18/2021","1,775.49","1,776.69","1,789.88","1,767.98","","-0.04%"
"02/17/2021","1,776.26","1,794.65","1,795.45","1,769.27","","-1.01%"
"02/16/2021","1,794.31","1,819.34","1,826.75","1,789.19","","-1.33%"
"02/15/2021","1,818.51","1,825.34","1,827.59","1,815.71","","-0.27%"
"02/12/2021","1,823.46","1,825.90","1,830.80","1,810.33","","-0.10%"
"02/11/2021","1,825.36","1,842.65","1,847.95","1,820.63","","-0.91%"
"02/10/2021","1,842.22","1,837.55","1,855.70","1,833.91","","0.28%"
"02/09/2021","1,837.06","1,830.59","1,849.15","1,828.63","","0.38%"
"02/08/2021","1,830.16","1,815.44","1,839.15","1,807.48","","1.02%"
"02/05/2021","1,811.62","1,792.49","1,815.32","1,791.80","","1.08%"
"02/04/2021","1,792.26","1,834.34","1,835.13","1,785.15","","-2.26%"
"02/03/2021","1,833.76","1,837.49","1,845.29","1,829.49","","-0.20%"
"02/02/2021","1,837.35","1,860.84","1,864.26","1,829.46","","-1.23%"
"02/01/2021","1,860.16","1,863.05","1,871.84","1,849.04","","0.76%"
"01/29/2021","1,846.09","1,840.90","1,876.03","1,839.56","","0.31%"
"01/28/2021","1,840.36","1,844.34","1,864.26","1,833.81","","-0.20%"
"01/27/2021","1,843.99","1,850.65","1,853.58","1,831.29","","-0.34%"
"01/26/2021","1,850.31","1,855.55","1,861.86","1,848.36","","-0.25%"
"01/25/2021","1,854.99","1,855.75","1,868.45","1,847.30","","0.13%"
"01/22/2021","1,852.55","1,870.09","1,871.17","1,837.09","","-0.93%"
"01/21/2021","1,869.91","1,871.07","1,875.45","1,858.16","","-0.05%"
"01/20/2021","1,870.91","1,840.05","1,872.03","1,832.46","","1.72%"
"01/19/2021","1,839.34","1,838.09","1,845.98","1,833.06","","0.13%"
"01/18/2021","1,836.89","1,828.94","1,840.95","1,810.46","","0.56%"
"01/15/2021","1,826.59","1,846.80","1,856.85","1,823.21","","-1.07%"
"01/14/2021","1,846.37","1,843.94","1,857.59","1,833.21","","0.16%"
"01/13/2021","1,843.41","1,856.19","1,863.26","1,843.34","","-0.66%"
"01/12/2021","1,855.63","1,845.34","1,864.08","1,837.41","","0.59%"
"01/11/2021","1,844.66","1,849.34","1,857.05","1,817.14","","-0.19%"
"01/08/2021","1,848.26","1,912.90","1,917.85","1,828.74","","-3.36%"
"01/07/2021","1,912.50","1,919.40","1,927.97","1,906.86","","-0.33%"
"01/06/2021","1,918.81","1,950.30","1,959.60","1,901.11","","-1.57%"
"01/05/2021","1,949.35","1,942.65","1,953.17","1,934.08","","0.36%"
"01/04/2021","1,942.28","1,906.05","1,944.65","1,905.36","","2.33%"
"01/01/2021","1,898.10","1,897.69","1,899.12","1,897.39","","0.09%"
"12/31/2020","1,896.49","1,893.55","1,901.26","1,884.77","","0.16%"
"12/30/2020","1,893.37","1,878.34","1,894.06","1,875.66","","0.82%"
"12/29/2020","1,877.99","1,872.24","1,886.91","1,870.99","","0.36%"
"12/28/2020","1,871.19","1,885.93","1,900.53","1,869.21","","-0.25%"
"12/25/2020","1,875.82","1,877.07","1,877.07","1,877.07","","-0.04%"
"12/24/2020","1,876.56","1,872.74","1,882.55","1,869.52","","0.24%"
"12/23/2020","1,872.08","1,859.99","1,878.59","1,858.59","","0.67%"
"12/22/2020","1,859.56","1,876.65","1,884.61","1,858.73","","-0.89%"
"12/21/2020","1,876.21","1,883.20","1,906.93","1,856.69","","-0.24%"
"12/18/2020","1,880.66","1,885.80","1,889.88","1,876.97","","-0.28%"
"12/17/2020","1,885.87","1,864.26","1,896.26","1,861.83","","1.17%"
"12/16/2020","1,864.15","1,853.94","1,866.20","1,844.75","","0.58%"
"12/15/2020","1,853.46","1,827.80","1,855.76","1,825.29","","1.44%"
"12/14/2020","1,827.17","1,839.30","1,839.86","1,819.92","","-0.64%"
"12/11/2020","1,839.03","1,835.55","1,847.89","1,824.23","","0.20%"
"12/10/2020","1,835.31","1,839.59","1,850.40","1,828.48","","-0.21%"
"12/09/2020","1,839.11","1,871.19","1,871.37","1,825.71","","-1.72%"
"12/08/2020","1,871.36","1,863.55","1,875.79","1,859.83","","0.41%"
"12/07/2020","1,863.69","1,837.99","1,868.76","1,822.99","","1.42%"
"12/04/2020","1,837.61","1,841.05","1,848.26","1,829.30","","-0.15%"
"12/03/2020","1,840.36","1,831.34","1,844.45","1,823.60","","0.51%"
"12/02/2020","1,831.01","1,815.19","1,832.65","1,806.99","","0.89%"
"12/01/2020","1,814.87","1,777.40","1,817.55","1,775.52","","2.13%"
"11/30/2020","1,777.02","1,789.05","1,789.99","1,764.69","","-0.62%"
"11/27/2020","1,788.13","1,811.09","1,813.81","1,773.93","","-1.24%"
"11/26/2020","1,810.57","1,805.74","1,818.78","1,805.31","","0.29%"
"11/25/2020","1,805.30","1,807.69","1,817.98","1,801.33","","-0.12%"
"11/24/2020","1,807.51","1,836.65","1,839.26","1,800.69","","-1.54%"
"11/23/2020","1,835.85","1,869.84","1,876.72","1,830.85","","-1.85%"
"11/20/2020","1,870.49","1,867.59","1,879.98","1,860.66","","0.17%"
"11/19/2020","1,867.37","1,871.44","1,874.34","1,852.48","","-0.22%"
"11/18/2020","1,871.41","1,878.60","1,884.92","1,863.94","","-0.38%"
"11/17/2020","1,878.60","1,889.15","1,893.90","1,877.69","","-0.52%"
"11/16/2020","1,888.52","1,888.74","1,899.35","1,864.74","","0.03%"
"11/13/2020","1,888.04","1,876.44","1,897.16","1,873.76","","0.65%"
"11/12/2020","1,875.76","1,865.30","1,883.88","1,862.46","","0.59%"
"11/11/2020","1,864.71","1,877.34","1,884.93","1,856.05","","-0.63%"
"11/10/2020","1,876.50","1,862.15","1,890.60","1,860.30","","0.79%"
"11/09/2020","1,861.86","1,954.65","1,965.92","1,850.36","","-4.59%"
"11/06/2020","1,951.51","1,949.24","1,960.77","1,935.40","","0.15%"
"11/05/2020","1,948.56","1,903.65","1,952.95","1,902.43","","2.38%"
"11/04/2020","1,903.21","1,908.59","1,916.68","1,883.15","","-0.27%"
"11/03/2020","1,908.36","1,895.80","1,910.71","1,886.81","","0.70%"
"11/02/2020","1,895.10","1,878.59","1,896.12","1,873.21","","0.91%"
"10/30/2020","1,877.95","1,868.24","1,889.85","1,864.64","","0.58%"
"10/29/2020","1,867.13","1,876.94","1,885.42","1,859.67","","-0.53%"
"10/28/2020","1,877.06","1,908.05","1,911.03","1,869.59","","-1.56%"
"10/27/2020","1,906.83","1,902.19","1,911.34","1,897.47","","0.27%"
"10/26/2020","1,901.69","1,902.34","1,908.55","1,890.90","","0.05%"
"10/23/2020","1,900.79","1,904.24","1,914.30","1,894.54","","-0.17%"
"10/22/2020","1,904.04","1,924.34","1,926.00","1,894.80","","-1.06%"
"10/21/2020","1,924.49","1,908.65","1,931.41","1,907.94","","0.95%"
"10/20/2020","1,906.39","1,904.24","1,914.20","1,894.74","","0.11%"
"10/19/2020","1,904.27","1,899.94","1,918.59","1,897.09","","0.28%"
"10/16/2020","1,898.97","1,907.95","1,914.06","1,897.59","","-0.46%"
"10/15/2020","1,907.82","1,900.31","1,909.22","1,889.46","","0.36%"
"10/14/2020","1,900.89","1,891.90","1,913.03","1,882.44","","0.53%"
"10/13/2020","1,890.82","1,922.42","1,925.73","1,886.59","","-1.62%"
"10/12/2020","1,921.95","1,930.50","1,933.45","1,918.19","","-0.39%"
"10/09/2020","1,929.43","1,894.19","1,930.83","1,893.32","","1.92%"
"10/08/2020","1,893.09","1,887.40","1,900.73","1,881.86","","0.31%"
"10/07/2020","1,887.22","1,878.84","1,898.31","1,873.05","","0.54%"
"10/06/2020","1,877.13","1,913.28","1,921.10","1,874.57","","-1.87%"
"10/05/2020","1,912.90","1,902.24","1,918.74","1,886.81","","0.75%"
"10/02/2020","1,898.70","1,905.65","1,917.28","1,889.57","","-0.33%"
"10/01/2020","1,905.05","1,885.80","1,912.09","1,884.48","","1.04%"
"09/30/2020","1,885.44","1,897.81","1,902.39","1,881.31","","-0.65%"
"09/29/2020","1,897.69","1,881.40","1,899.24","1,875.56","","0.90%"
"09/28/2020","1,880.85","1,859.00","1,883.39","1,849.19","","1.12%"
"09/25/2020","1,860.05","1,868.61","1,875.28","1,852.59","","-0.43%"
"09/24/2020","1,868.04","1,863.42","1,877.30","1,848.45","","0.24%"
"09/23/2020","1,863.55","1,900.20","1,905.56","1,855.77","","-1.88%"
"09/22/2020","1,899.28","1,912.80","1,919.99","1,894.93","","-0.69%"
"09/21/2020","1,912.57","1,949.55","1,955.75","1,883.21","","-1.90%"
"09/18/2020","1,949.69","1,943.87","1,960.20","1,941.79","","0.37%"
"09/17/2020","1,942.60","1,959.99","1,963.48","1,932.99","","-0.85%"
"09/16/2020","1,959.32","1,956.19","1,973.63","1,949.89","","0.19%"
"09/15/2020","1,955.52","1,957.31","1,972.35","1,948.64","","-0.04%"
"09/14/2020","1,956.37","1,941.05","1,962.52","1,937.46","","0.77%"
"09/11/2020","1,941.50","1,955.20","1,957.95","1,937.42","","-0.64%"
"09/10/2020","1,954.07","1,946.06","1,966.50","1,941.42","","0.38%"
"09/09/2020","1,946.66","1,932.26","1,950.95","1,920.20","","0.80%"
"09/08/2020","1,931.26","1,929.14","1,940.80","1,906.57","","0.11%"
"09/07/2020","1,929.18","1,930.35","1,941.45","1,924.43","","-0.19%"
"09/04/2020","1,932.85","1,931.51","1,942.25","1,916.64","","0.10%"
"09/03/2020","1,930.85","1,943.00","1,951.15","1,921.95","","-0.62%"
"09/02/2020","1,942.98","1,969.71","1,974.41","1,932.75","","-1.40%"
"09/01/2020","1,970.49","1,967.58","1,992.26","1,963.22","","0.02%"
"08/31/2020","1,970.15","1,965.39","1,976.53","1,954.55","","0.27%"
"08/28/2020","1,964.89","1,929.44","1,973.81","1,923.71","","1.85%"
"08/27/2020","1,929.20","1,953.35","1,976.32","1,909.96","","-1.27%"
"08/26/2020","1,954.03","1,928.66","1,955.15","1,902.81","","1.34%"
"08/25/2020","1,928.19","1,932.66","1,937.55","1,914.31","","-0.25%"
"08/24/2020","1,933.09","1,938.63","1,962.04","1,924.28","","-0.36%"
"08/21/2020","1,940.16","1,946.96","1,956.37","1,911.76","","-0.18%"
"08/20/2020","1,943.60","1,929.28","1,955.99","1,925.47","","0.71%"
"08/19/2020","1,929.82","2,001.22","2,006.51","1,924.63","","-3.57%"
"08/18/2020","2,001.20","1,985.47","2,015.23","1,977.56","","0.76%"
"08/17/2020","1,986.20","1,946.22","1,990.91","1,929.74","","2.16%"
"08/14/2020","1,944.29","1,953.98","1,962.62","1,932.46","","-0.50%"
"08/13/2020","1,954.00","1,920.87","1,966.83","1,913.42","","1.87%"
"08/12/2020","1,918.07","1,911.26","1,949.26","1,863.92","","0.34%"
"08/11/2020","1,911.64","2,027.11","2,031.59","1,901.57","","-5.73%"
"08/10/2020","2,027.77","2,033.71","2,050.10","2,019.42","","-0.36%"
"08/07/2020","2,035.03","2,064.52","2,072.90","2,015.48","","-1.39%"
"08/06/2020","2,063.81","2,040.03","2,069.84","2,034.83","","1.15%"
"08/05/2020","2,040.40","2,018.98","2,056.10","2,010.33","","1.08%"
"08/04/2020","2,018.52","1,976.45","2,019.96","1,968.38","","2.09%"
"08/03/2020","1,977.25","1,980.43","1,985.22","1,960.15","","0.07%"
"07/31/2020","1,975.89","1,960.96","1,981.11","1,955.99","","0.79%"
"07/30/2020","1,960.50","1,970.89","1,972.25","1,940.17","","-0.52%"
"07/29/2020","1,970.73","1,959.71","1,980.67","1,944.96","","0.57%"
"07/28/2020","1,959.50","1,942.22","1,981.14","1,907.69","","0.88%"
"07/27/2020","1,942.42","1,899.29","1,945.71","1,899.29","","2.15%"
"07/24/2020","1,901.46","1,886.83","1,906.47","1,881.58","","0.74%"
"07/23/2020","1,887.44","1,871.97","1,898.49","1,862.38","","0.82%"
"07/22/2020","1,872.07","1,841.89","1,872.41","1,840.25","","1.62%"
"07/21/2020","1,842.22","1,815.53","1,843.75","1,815.44","","1.44%"
"07/20/2020","1,816.09","1,809.28","1,820.76","1,805.70","","0.34%"
"07/17/2020","1,809.90","1,797.30","1,812.59","1,795.11","","0.72%"
"07/16/2020","1,797.05","1,811.72","1,813.41","1,795.10","","-0.82%"
"07/15/2020","1,811.90","1,808.14","1,815.00","1,802.91","","0.23%"
"07/14/2020","1,807.78","1,802.77","1,810.94","1,791.02","","0.24%"
"07/13/2020","1,803.39","1,798.69","1,813.65","1,797.94","","0.25%"
"07/10/2020","1,798.89","1,801.71","1,810.94","1,794.47","","-0.24%"
"07/09/2020","1,803.19","1,810.68","1,815.99","1,795.76","","-0.42%"
"07/08/2020","1,810.78","1,794.93","1,818.37","1,791.82","","0.86%"
"07/07/2020","1,795.26","1,784.57","1,797.93","1,774.37","","0.64%"
"07/06/2020","1,783.90","1,776.24","1,786.98","1,770.09","","0.50%"
"07/03/2020","1,775.05","1,774.03","1,777.01","1,772.03","","-0.06%"
"07/02/2020","1,776.13","1,769.60","1,780.21","1,757.85","","0.33%"
"07/01/2020","1,770.32","1,780.91","1,789.27","1,759.02","","-0.64%"
"06/30/2020","1,781.66","1,771.77","1,786.46","1,765.77","","0.53%"
"06/29/2020","1,772.28","1,773.27","1,775.86","1,766.07","","0.05%"
"06/26/2020","1,771.47","1,762.35","1,772.36","1,748.04","","0.55%"
"06/25/2020","1,761.82","1,759.76","1,768.84","1,755.23","","-0.03%"
"06/24/2020","1,762.43","1,769.09","1,780.06","1,761.09","","-0.29%"
"06/23/2020","1,767.54","1,756.03","1,771.69","1,747.90","","0.69%"
"06/22/2020","1,755.44","1,749.00","1,763.82","1,743.78","","0.68%"
"06/19/2020","1,743.62","1,723.16","1,745.68","1,721.36","","1.20%"
"06/18/2020","1,722.99","1,725.57","1,736.87","1,717.28","","-0.23%"
"06/17/2020","1,727.04","1,727.34","1,730.62","1,713.37","","-0.02%"
"06/16/2020","1,727.46","1,725.79","1,733.06","1,715.93","","0.11%"
"06/15/2020","1,725.53","1,732.35","1,734.78","1,704.76","","-0.30%"
"06/12/2020","1,730.80","1,728.32","1,743.59","1,723.12","","0.19%"
"06/11/2020","1,727.51","1,737.11","1,744.72","1,721.34","","-0.55%"
"06/10/2020","1,737.10","1,714.33","1,740.29","1,708.83","","1.31%"
"06/09/2020","1,714.57","1,700.25","1,720.75","1,691.92","","1.13%"
"06/08/2020","1,695.47","1,684.16","1,701.27","1,677.61","","0.57%"
"06/05/2020","1,685.83","1,711.20","1,716.39","1,670.75","","-1.52%"
"06/04/2020","1,711.84","1,699.11","1,722.22","1,697.40","","0.78%"
"06/03/2020","1,698.63","1,728.97","1,732.92","1,690.01","","-1.70%"
"06/02/2020","1,727.97","1,740.93","1,745.54","1,721.52","","-0.71%"
"06/01/2020","1,740.34","1,736.42","1,744.52","1,727.03","","0.70%"
"05/29/2020","1,728.30","1,721.70","1,738.99","1,713.79","","0.52%"
"05/28/2020","1,719.40","1,709.68","1,727.69","1,707.19","","0.59%"
"05/27/2020","1,709.25","1,712.03","1,715.77","1,693.60","","-0.19%"
"05/26/2020","1,712.45","1,729.65","1,736.29","1,708.31","","-0.99%"
"05/25/2020","1,729.57","1,734.73","1,735.57","1,720.47","","-0.37%"
"05/22/2020","1,736.07","1,725.26","1,741.51","1,724.29","","0.56%"
"05/21/2020","1,726.34","1,750.18","1,750.64","1,717.56","","-1.32%"
"05/20/2020","1,749.50","1,744.44","1,754.08","1,740.91","","0.25%"
"05/19/2020","1,745.11","1,733.37","1,748.77","1,725.83","","0.74%"
"05/18/2020","1,732.32","1,742.93","1,764.81","1,726.26","","-0.61%"
"05/15/2020","1,743.00","1,731.13","1,753.25","1,728.52","","0.71%"
"05/14/2020","1,730.65","1,715.01","1,737.34","1,710.39","","0.85%"
"05/13/2020","1,715.99","1,701.21","1,718.33","1,697.92","","0.78%"
"05/12/2020","1,702.72","1,696.25","1,711.04","1,692.28","","0.32%"
"05/11/2020","1,697.35","1,703.76","1,713.67","1,691.56","","-0.31%"
"05/08/2020","1,702.65","1,717.46","1,724.56","1,701.61","","-0.89%"
"05/07/2020","1,717.94","1,686.08","1,722.02","1,681.96","","1.90%"
"05/06/2020","1,685.88","1,705.77","1,707.85","1,681.34","","-1.25%"
"05/05/2020","1,707.17","1,701.78","1,712.60","1,691.13","","0.32%"
"05/04/2020","1,701.69","1,697.26","1,712.00","1,690.96","","0.08%"
"05/01/2020","1,700.41","1,685.24","1,706.21","1,669.82","","0.91%"
"04/30/2020","1,685.05","1,715.22","1,726.14","1,684.16","","-1.60%"
"04/29/2020","1,712.38","1,708.72","1,717.52","1,697.72","","0.22%"
"04/28/2020","1,708.63","1,716.19","1,716.19","1,691.80","","-0.40%"
"04/27/2020","1,715.57","1,724.86","1,727.82","1,705.82","","-0.80%"
"04/24/2020","1,729.43","1,733.32","1,737.89","1,710.63","","-0.12%"
"04/23/2020","1,731.59","1,713.00","1,738.84","1,704.05","","0.98%"
"04/22/2020","1,714.82","1,686.47","1,719.66","1,680.05","","1.65%"
"04/21/2020","1,687.02","1,694.22","1,698.48","1,660.99","","-0.42%"
"04/20/2020","1,694.12","1,691.44","1,703.02","1,671.74","","0.56%"
"04/17/2020","1,684.69","1,713.49","1,718.69","1,678.52","","-1.96%"
"04/16/2020","1,718.40","1,716.29","1,738.74","1,706.92","","0.10%"
"04/15/2020","1,716.60","1,729.43","1,731.43","1,706.99","","-0.76%"
"04/14/2020","1,729.70","1,714.09","1,748.50","1,709.10","","0.90%"
"04/13/2020","1,714.32","1,682.25","1,722.36","1,672.95","","1.45%"
"04/10/2020","1,689.90","1,675.00","1,696.50","1,675.00","","0.35%"
"04/09/2020","1,684.07","1,644.28","1,690.29","1,642.34","","2.28%"
"04/08/2020","1,646.52","1,645.94","1,657.06","1,641.15","","-0.15%"
"04/07/2020","1,648.95","1,662.38","1,671.88","1,641.06","","-0.84%"
"04/06/2020","1,663.00","1,596.80","1,669.76","1,596.80","","2.75%"
"04/03/2020","1,618.45","1,609.99","1,627.04","1,607.00","","0.29%"
"04/02/2020","1,613.79","1,590.75","1,621.27","1,576.43","","1.17%"
"04/01/2020","1,595.05","1,569.45","1,604.12","1,568.91","","1.51%"
"03/31/2020","1,571.31","1,612.25","1,623.52","1,562.25","","-3.20%"
"03/30/2020","1,623.30","1,617.38","1,635.59","1,607.63","","-0.01%"
"03/27/2020","1,623.50","1,634.99","1,640.76","1,614.75","","-0.54%"
"03/26/2020","1,632.38","1,620.16","1,645.80","1,595.81","","1.15%"
"03/25/2020","1,613.79","1,618.79","1,636.29","1,584.18","","-0.51%"
"03/24/2020","1,622.03","1,565.36","1,644.35","1,564.77","","4.39%"
"03/23/2020","1,553.81","1,508.25","1,561.76","1,485.40","","3.71%"
"03/20/2020","1,498.24","1,470.39","1,516.43","1,460.49","","1.85%"
"03/19/2020","1,471.00","1,486.10","1,501.61","1,464.75","","-1.03%"
"03/18/2020","1,486.30","1,527.30","1,546.05","1,472.60","","-2.77%"
"03/17/2020","1,528.58","1,512.05","1,553.11","1,465.60","","0.92%"
"03/16/2020","1,514.61","1,550.59","1,573.49","1,451.68","","-0.99%"
"03/13/2020","1,529.70","1,576.83","1,597.72","1,506.73","","-3.00%"
"03/12/2020","1,577.09","1,634.69","1,650.13","1,560.96","","-3.54%"
"03/11/2020","1,635.03","1,649.69","1,670.97","1,632.90","","-0.87%"
"03/10/2020","1,649.36","1,678.90","1,680.36","1,642.11","","-1.84%"
"03/09/2020","1,680.20","1,694.60","1,703.16","1,657.96","","0.36%"
"03/06/2020","1,674.23","1,670.66","1,692.11","1,647.98","","0.22%"
"03/05/2020","1,670.61","1,635.83","1,674.66","1,634.92","","2.13%"
"03/04/2020","1,635.83","1,639.85","1,651.68","1,631.99","","-0.24%"
"03/03/2020","1,639.77","1,590.78","1,649.50","1,587.79","","3.08%"
"03/02/2020","1,590.73","1,590.99","1,610.78","1,579.54","","0.35%"
"02/28/2020","1,585.12","1,642.14","1,649.49","1,565.86","","-3.48%"
"02/27/2020","1,642.35","1,640.56","1,660.44","1,635.66","","0.15%"
"02/26/2020","1,639.96","1,635.46","1,655.07","1,625.72","","0.28%"
"02/25/2020","1,635.38","1,660.72","1,660.85","1,629.01","","-1.53%"
"02/24/2020","1,660.72","1,658.96","1,688.96","1,652.30","","1.04%"
"02/21/2020","1,643.70","1,619.79","1,649.14","1,618.99","","1.48%"
"02/20/2020","1,619.70","1,611.71","1,623.74","1,603.89","","0.50%"
"02/19/2020","1,611.64","1,601.80","1,612.91","1,599.49","","0.61%"
"02/18/2020","1,601.91","1,583.31","1,605.35","1,582.96","","1.32%"
"02/17/2020","1,581.10","1,584.75","1,584.86","1,578.40","","-0.23%"
"02/14/2020","1,584.70","1,576.29","1,585.04","1,573.15","","0.53%"
"02/13/2020","1,576.39","1,565.62","1,578.11","1,565.43","","0.69%"
"02/12/2020","1,565.63","1,567.73","1,570.48","1,561.46","","-0.13%"
"02/11/2020","1,567.72","1,572.01","1,573.96","1,562.18","","-0.29%"
"02/10/2020","1,572.30","1,569.94","1,577.16","1,568.01","","0.13%"
"02/07/2020","1,570.29","1,566.96","1,574.05","1,562.38","","0.22%"
"02/06/2020","1,566.85","1,556.88","1,568.29","1,552.24","","0.65%"
"02/05/2020","1,556.70","1,552.57","1,562.31","1,547.20","","0.27%"
"02/04/2020","1,552.55","1,576.30","1,579.54","1,548.99","","-1.52%"
"02/03/2020","1,576.45","1,589.85","1,591.86","1,571.26","","-0.86%"
"01/31/2020","1,590.20","1,574.27","1,590.20","1,570.84","","1.02%"
"01/30/2020","1,574.22","1,576.98","1,585.97","1,572.49","","-0.18%"
"01/29/2020","1,577.12","1,566.21","1,577.96","1,563.10","","0.69%"
"01/28/2020","1,566.24","1,582.05","1,583.17","1,565.64","","-0.99%"
"01/27/2020","1,581.95","1,579.99","1,586.72","1,575.59","","0.72%"
"01/24/2020","1,570.65","1,563.29","1,575.76","1,556.16","","0.47%"
"01/23/2020","1,563.33","1,558.93","1,567.94","1,551.29","","0.28%"
"01/22/2020","1,558.91","1,558.03","1,559.35","1,549.81","","0.06%"
"01/21/2020","1,558.02","1,560.85","1,568.65","1,546.25","","-0.23%"
"01/20/2020","1,561.58","1,558.56","1,562.81","1,556.35","","0.32%"
"01/17/2020","1,556.61","1,552.90","1,561.30","1,549.26","","0.25%"
"01/16/2020","1,552.79","1,556.17","1,558.14","1,547.85","","-0.22%"
"01/15/2020","1,556.19","1,546.26","1,558.23","1,546.01","","0.64%"
"01/14/2020","1,546.37","1,548.31","1,548.80","1,535.88","","-0.12%"
"01/13/2020","1,548.30","1,562.29","1,562.30","1,546.52","","-0.89%"
"01/10/2020","1,562.28","1,552.26","1,563.19","1,545.32","","0.64%"
"01/09/2020","1,552.37","1,555.76","1,561.33","1,539.88","","-0.22%"
"01/08/2020","1,555.81","1,573.99","1,611.00","1,551.97","","-1.16%"
"01/07/2020","1,573.99","1,565.93","1,577.38","1,555.10","","0.51%"
"01/06/2020","1,565.96","1,560.59","1,582.69","1,560.59","","0.92%"
"01/03/2020","1,551.65","1,529.11","1,553.45","1,527.95","","1.49%"
"01/02/2020","1,528.94","1,517.13","1,531.30","1,517.09","","0.77%"
"01/01/2020","1,517.30","1,517.26","1,517.48","1,517.20","","-0.01%"
"12/31/2019","1,517.39","1,515.51","1,525.59","1,514.79","","0.14%"
"12/30/2019","1,515.22","1,511.49","1,516.30","1,509.96","","0.30%"
"12/27/2019","1,510.67","1,511.55","1,515.34","1,506.73","","-0.06%"
"12/26/2019","1,511.55","1,499.41","1,512.55","1,497.45","","0.80%"
"12/25/2019","1,499.55","1,499.55","1,499.55","1,499.55","","0.00%"
"12/24/2019","1,499.56","1,486.07","1,501.08","1,484.96","","0.95%"
"12/23/2019","1,485.52","1,478.20","1,486.16","1,477.50","","0.50%"
"12/20/2019","1,478.20","1,479.29","1,481.06","1,475.50","","-0.06%"
"12/19/2019","1,479.15","1,475.29","1,481.90","1,472.60","","0.25%"
"12/18/2019","1,475.44","1,476.45","1,479.39","1,470.10","","-0.07%"
"12/17/2019","1,476.45","1,476.25","1,480.61","1,474.06","","0.01%"
"12/16/2019","1,476.25","1,475.45","1,479.86","1,472.80","","0.03%"
"12/13/2019","1,475.81","1,469.62","1,478.00","1,462.41","","0.43%"
"12/12/2019","1,469.43","1,474.85","1,486.90","1,464.45","","-0.37%"
"12/11/2019","1,474.85","1,464.04","1,478.90","1,462.14","","0.73%"
"12/10/2019","1,464.21","1,462.08","1,469.24","1,459.55","","0.15%"
"12/09/2019","1,461.99","1,459.19","1,465.50","1,458.55","","0.15%"
"12/06/2019","1,459.76","1,475.85","1,477.15","1,458.42","","-1.08%"
"12/05/2019","1,475.70","1,474.06","1,480.50","1,472.60","","0.09%"
"12/04/2019","1,474.35","1,477.21","1,484.25","1,471.21","","-0.20%"
"12/03/2019","1,477.34","1,462.50","1,481.90","1,458.87","","1.02%"
"12/02/2019","1,462.44","1,466.73","1,466.73","1,453.70","","-0.16%"
"11/29/2019","1,464.80","1,456.70","1,467.21","1,453.38","","0.44%"
"11/28/2019","1,458.34","1,456.85","1,458.45","1,454.19","","0.27%"
"11/27/2019","1,454.35","1,461.35","1,461.82","1,452.20","","-0.50%"
"11/26/2019","1,461.60","1,455.28","1,463.06","1,450.70","","0.46%"
"11/25/2019","1,454.97","1,462.14","1,462.14","1,453.50","","-0.50%"
"11/22/2019","1,462.29","1,464.40","1,473.15","1,461.00","","-0.14%"
"11/21/2019","1,464.40","1,471.40","1,475.85","1,462.43","","-0.47%"
"11/20/2019","1,471.25","1,472.39","1,478.90","1,465.66","","-0.08%"
"11/19/2019","1,472.38","1,470.85","1,475.50","1,464.30","","0.10%"
"11/18/2019","1,470.85","1,467.51","1,474.10","1,455.97","","0.24%"
"11/15/2019","1,467.37","1,471.20","1,471.43","1,462.05","","-0.26%"
"11/14/2019","1,471.20","1,463.18","1,474.48","1,460.76","","0.55%"
"11/13/2019","1,463.19","1,457.19","1,467.14","1,455.90","","0.41%"
"11/12/2019","1,457.19","1,455.79","1,460.32","1,445.43","","0.09%"
"11/11/2019","1,455.90","1,458.96","1,466.59","1,448.14","","-0.19%"
"11/08/2019","1,458.66","1,468.01","1,473.25","1,456.05","","-0.64%"
"11/07/2019","1,468.07","1,490.29","1,492.32","1,461.00","","-1.50%"
"11/06/2019","1,490.46","1,484.10","1,494.30","1,482.21","","0.43%"
"11/05/2019","1,484.10","1,509.64","1,509.90","1,479.35","","-1.69%"
"11/04/2019","1,509.63","1,513.80","1,514.93","1,504.46","","-0.29%"
"11/01/2019","1,513.95","1,513.53","1,515.81","1,503.30","","0.04%"
"10/31/2019","1,513.36","1,496.39","1,514.39","1,493.64","","1.20%"
"10/30/2019","1,495.40","1,487.60","1,496.80","1,481.02","","0.52%"
"10/29/2019","1,487.60","1,492.64","1,495.00","1,483.71","","-0.34%"
"10/28/2019","1,492.69","1,504.21","1,508.36","1,489.65","","-0.80%"
"10/25/2019","1,504.73","1,504.75","1,518.10","1,500.55","","0.07%"
"10/24/2019","1,503.65","1,492.30","1,504.21","1,488.02","","0.77%"
"10/23/2019","1,492.10","1,488.20","1,496.24","1,487.49","","0.27%"
"10/22/2019","1,488.05","1,484.66","1,489.17","1,480.84","","0.24%"
"10/21/2019","1,484.50","1,492.02","1,495.31","1,481.75","","-0.38%"
"10/18/2019","1,490.10","1,492.32","1,494.33","1,484.80","","-0.12%"
"10/17/2019","1,491.89","1,490.40","1,497.43","1,483.35","","0.14%"
"10/16/2019","1,489.77","1,481.28","1,491.60","1,477.05","","0.58%"
"10/15/2019","1,481.17","1,493.25","1,497.99","1,477.46","","-0.79%"
"10/14/2019","1,492.90","1,488.60","1,497.10","1,482.60","","0.20%"
"10/11/2019","1,489.85","1,494.46","1,503.49","1,474.30","","-0.30%"
"10/10/2019","1,494.30","1,505.60","1,517.07","1,491.40","","-0.76%"
"10/09/2019","1,505.70","1,506.06","1,511.60","1,499.70","","0.01%"
"10/08/2019","1,505.51","1,493.40","1,508.56","1,487.49","","0.80%"
"10/07/2019","1,493.60","1,504.76","1,509.47","1,489.94","","-0.73%"
"10/04/2019","1,504.60","1,505.19","1,510.94","1,497.01","","-0.03%"
"10/03/2019","1,505.00","1,499.55","1,518.75","1,495.85","","0.37%"
"10/02/2019","1,499.51","1,479.19","1,504.98","1,474.25","","1.39%"
"10/01/2019","1,478.98","1,472.30","1,487.42","1,458.90","","0.46%"
"09/30/2019","1,472.25","1,497.08","1,500.50","1,464.24","","-1.65%"
"09/27/2019","1,496.94","1,506.18","1,507.79","1,486.98","","-0.59%"
"09/26/2019","1,505.80","1,503.89","1,512.60","1,501.74","","0.11%"
"09/25/2019","1,504.15","1,531.60","1,535.40","1,501.41","","-1.84%"
"09/24/2019","1,532.30","1,522.50","1,536.10","1,515.95","","0.67%"
"09/23/2019","1,522.12","1,516.65","1,527.05","1,511.35","","0.33%"
"09/20/2019","1,517.15","1,499.60","1,517.21","1,498.00","","1.20%"
"09/19/2019","1,499.20","1,493.60","1,504.20","1,488.80","","0.35%"
"09/18/2019","1,493.90","1,501.40","1,511.25","1,484.41","","-0.61%"
"09/17/2019","1,503.10","1,499.45","1,507.90","1,493.90","","0.29%"
"09/16/2019","1,498.80","1,503.59","1,512.81","1,496.20","","0.68%"
"09/13/2019","1,488.70","1,498.45","1,509.06","1,485.51","","-0.68%"
"09/12/2019","1,498.95","1,497.45","1,523.86","1,488.65","","0.09%"
"09/11/2019","1,497.60","1,486.45","1,498.41","1,484.90","","0.75%"
"09/10/2019","1,486.40","1,499.60","1,501.90","1,484.80","","-0.84%"
"09/09/2019","1,498.95","1,507.10","1,515.50","1,497.60","","-0.53%"
"09/06/2019","1,506.95","1,519.25","1,527.70","1,502.75","","-0.82%"
"09/05/2019","1,519.35","1,552.45","1,553.25","1,509.28","","-2.14%"
"09/04/2019","1,552.60","1,547.05","1,557.25","1,533.68","","0.36%"
"09/03/2019","1,547.00","1,529.60","1,549.80","1,521.40","","1.07%"
"09/02/2019","1,530.59","1,520.05","1,533.77","1,519.05","","0.68%"
"08/30/2019","1,520.25","1,527.60","1,533.40","1,517.51","","-0.49%"
"08/29/2019","1,527.70","1,539.20","1,550.70","1,519.40","","-0.74%"
"08/28/2019","1,539.10","1,541.69","1,547.10","1,531.50","","-0.23%"
"08/27/2019","1,542.64","1,526.25","1,544.63","1,524.75","","1.07%"
"08/26/2019","1,526.35","1,539.25","1,554.91","1,524.55","","-0.03%"
"08/23/2019","1,526.85","1,499.55","1,530.43","1,493.45","","1.87%"
"08/22/2019","1,498.80","1,502.10","1,504.60","1,491.70","","-0.23%"
"08/21/2019","1,502.30","1,507.70","1,508.40","1,496.10","","-0.32%"
"08/20/2019","1,507.10","1,495.55","1,508.39","1,492.75","","0.79%"
"08/19/2019","1,495.30","1,511.00","1,512.90","1,492.40","","-1.24%"
"08/16/2019","1,514.15","1,524.00","1,527.80","1,504.20","","-0.59%"
"08/15/2019","1,523.20","1,516.74","1,526.76","1,508.25","","0.45%"
"08/14/2019","1,516.34","1,501.38","1,524.10","1,494.25","","1.00%"
"08/13/2019","1,501.39","1,510.61","1,534.56","1,481.31","","-0.66%"
"08/12/2019","1,511.40","1,497.51","1,517.71","1,487.68","","0.95%"
"08/09/2019","1,497.24","1,501.40","1,508.40","1,494.62","","-0.25%"
"08/08/2019","1,500.95","1,501.95","1,510.35","1,490.74","","-0.02%"
"08/07/2019","1,501.20","1,474.25","1,510.40","1,472.36","","1.83%"
"08/06/2019","1,474.27","1,464.20","1,475.21","1,456.65","","0.72%"
"08/05/2019","1,463.80","1,440.60","1,469.80","1,436.90","","1.60%"
"08/02/2019","1,440.70","1,445.66","1,448.05","1,430.08","","-0.32%"
"08/01/2019","1,445.31","1,411.21","1,445.81","1,400.56","","2.23%"
"07/31/2019","1,413.80","1,430.91","1,432.94","1,411.35","","-1.19%"
"07/30/2019","1,430.85","1,426.71","1,433.03","1,421.91","","0.27%"
"07/29/2019","1,426.94","1,419.04","1,428.25","1,416.86","","0.58%"
"07/26/2019","1,418.69","1,414.59","1,424.80","1,413.77","","0.29%"
"07/25/2019","1,414.53","1,426.60","1,433.86","1,411.17","","-0.80%"
"07/24/2019","1,425.90","1,417.26","1,429.30","1,416.20","","0.60%"
"07/23/2019","1,417.39","1,425.15","1,429.25","1,414.20","","-0.54%"
"07/22/2019","1,425.12","1,425.15","1,429.83","1,422.35","","-0.01%"
"07/19/2019","1,425.30","1,446.38","1,452.98","1,420.29","","-1.45%"
"07/18/2019","1,446.30","1,426.90","1,448.30","1,414.66","","1.37%"
"07/17/2019","1,426.80","1,406.41","1,427.00","1,399.95","","1.46%"
"07/16/2019","1,406.33","1,414.69","1,418.43","1,401.18","","-0.55%"
"07/15/2019","1,414.08","1,415.90","1,419.75","1,407.76","","-0.12%"
"07/12/2019","1,415.74","1,403.85","1,416.88","1,403.06","","0.84%"
"07/11/2019","1,404.00","1,419.40","1,426.40","1,401.60","","-1.06%"
"07/10/2019","1,419.00","1,397.80","1,419.20","1,389.75","","1.51%"
"07/09/2019","1,397.90","1,395.30","1,399.90","1,386.21","","0.17%"
"07/08/2019","1,395.50","1,399.95","1,407.90","1,391.75","","-0.32%"
"07/05/2019","1,399.95","1,415.81","1,424.36","1,386.92","","-1.11%"
"07/04/2019","1,415.64","1,419.80","1,422.00","1,410.59","","-0.23%"
"07/03/2019","1,418.94","1,419.95","1,436.39","1,412.48","","0.04%"
"07/02/2019","1,418.44","1,383.40","1,419.72","1,383.40","","2.47%"
"07/01/2019","1,384.31","1,392.83","1,397.56","1,381.76","","-1.79%"
"06/28/2019","1,409.50","1,409.56","1,424.64","1,406.81","","-0.01%"
"06/27/2019","1,409.68","1,409.56","1,412.00","1,400.25","","0.07%"
"06/26/2019","1,408.75","1,423.91","1,424.06","1,402.38","","-1.02%"
"06/25/2019","1,423.25","1,419.17","1,439.03","1,412.30","","0.26%"
"06/24/2019","1,419.55","1,401.35","1,421.30","1,400.48","","1.47%"
"06/21/2019","1,399.05","1,388.22","1,411.18","1,382.40","","0.78%"
"06/20/2019","1,388.18","1,360.36","1,393.24","1,357.80","","2.05%"
"06/19/2019","1,360.27","1,346.56","1,362.50","1,341.15","","1.02%"
"06/18/2019","1,346.48","1,340.09","1,354.60","1,338.65","","0.52%"
"06/17/2019","1,339.54","1,341.91","1,343.38","1,332.70","","-0.15%"
"06/14/2019","1,341.58","1,341.55","1,358.29","1,337.83","","-0.06%"
"06/13/2019","1,342.35","1,334.00","1,343.43","1,332.27","","0.66%"
"06/12/2019","1,333.55","1,326.78","1,338.62","1,326.18","","0.50%"
"06/11/2019","1,326.91","1,328.26","1,330.06","1,319.60","","-0.09%"
"06/10/2019","1,328.13","1,335.96","1,337.84","1,324.90","","-0.94%"
"06/07/2019","1,340.70","1,335.60","1,348.48","1,330.08","","0.39%"
"06/06/2019","1,335.55","1,332.36","1,340.43","1,327.80","","0.40%"
"06/05/2019","1,330.18","1,325.50","1,344.26","1,324.60","","0.37%"
"06/04/2019","1,325.28","1,325.05","1,329.38","1,319.98","","0.01%"
"06/03/2019","1,325.17","1,307.55","1,328.30","1,306.70","","1.50%"
"05/31/2019","1,305.65","1,288.35","1,307.04","1,288.09","","1.30%"
"05/30/2019","1,288.85","1,279.71","1,289.22","1,274.79","","0.72%"
"05/29/2019","1,279.60","1,279.71","1,285.77","1,278.87","","0.01%"
"05/28/2019","1,279.49","1,285.59","1,286.86","1,276.07","","-0.44%"
"05/27/2019","1,285.20","1,285.80","1,287.72","1,283.80","","0.02%"
"05/24/2019","1,284.89","1,283.40","1,285.42","1,280.45","","0.11%"
"05/23/2019","1,283.45","1,273.80","1,287.63","1,272.58","","0.77%"
"05/22/2019","1,273.62","1,274.61","1,277.42","1,272.15","","-0.11%"
"05/21/2019","1,274.97","1,277.95","1,278.06","1,269.22","","-0.22%"
"05/20/2019","1,277.74","1,277.80","1,279.14","1,273.47","","0.01%"
"05/17/2019","1,277.55","1,286.50","1,289.29","1,274.91","","-0.71%"
"05/16/2019","1,286.65","1,296.75","1,298.92","1,283.95","","-0.77%"
"05/15/2019","1,296.66","1,297.17","1,301.02","1,292.70","","-0.03%"
"05/14/2019","1,297.03","1,300.11","1,303.51","1,293.33","","-0.22%"
"05/13/2019","1,299.90","1,286.56","1,301.35","1,281.60","","1.08%"
"05/10/2019","1,286.00","1,284.36","1,289.73","1,283.21","","0.14%"
"05/09/2019","1,284.14","1,280.49","1,288.52","1,279.41","","0.25%"
"05/08/2019","1,280.93","1,284.16","1,291.79","1,279.35","","-0.33%"
"05/07/2019","1,285.15","1,281.55","1,286.74","1,278.50","","0.38%"
"05/06/2019","1,280.33","1,281.06","1,285.76","1,276.60","","0.09%"
"05/03/2019","1,279.19","1,270.61","1,282.67","1,268.81","","0.68%"
"05/02/2019","1,270.54","1,276.81","1,278.18","1,266.10","","-0.48%"
"05/01/2019","1,276.61","1,283.46","1,287.21","1,272.99","","-0.54%"
"04/30/2019","1,283.60","1,279.98","1,286.39","1,279.54","","0.30%"
"04/29/2019","1,279.80","1,286.40","1,286.81","1,277.78","","-0.50%"
"04/26/2019","1,286.25","1,277.42","1,288.99","1,276.05","","0.70%"
"04/25/2019","1,277.35","1,275.60","1,282.78","1,273.50","","0.16%"
"04/24/2019","1,275.36","1,272.31","1,278.74","1,268.55","","0.23%"
"04/23/2019","1,272.40","1,275.26","1,276.66","1,266.15","","-0.20%"
"04/22/2019","1,274.92","1,275.83","1,279.96","1,273.45","","-0.04%"
"04/18/2019","1,275.39","1,273.38","1,277.95","1,271.02","","0.10%"
"04/17/2019","1,274.14","1,276.86","1,280.06","1,272.93","","-0.19%"
"04/16/2019","1,276.57","1,287.91","1,289.00","1,273.10","","-0.88%"
"04/15/2019","1,287.88","1,290.45","1,292.01","1,282.21","","-0.20%"
"04/12/2019","1,290.40","1,292.30","1,296.05","1,290.11","","-0.17%"
"04/11/2019","1,292.60","1,307.95","1,309.36","1,289.45","","-1.18%"
"04/10/2019","1,308.05","1,303.96","1,310.75","1,300.89","","0.30%"
"04/09/2019","1,304.13","1,297.24","1,306.34","1,296.55","","0.52%"
"04/08/2019","1,297.41","1,291.65","1,303.86","1,291.35","","0.44%"
"04/05/2019","1,291.70","1,292.46","1,293.77","1,284.46","","-0.05%"
"04/04/2019","1,292.38","1,289.95","1,294.36","1,280.84","","0.19%"
"04/03/2019","1,289.90","1,292.21","1,294.67","1,288.20","","-0.25%"
"04/02/2019","1,293.15","1,287.55","1,293.15","1,285.16","","0.43%"
"04/01/2019","1,287.66","1,291.33","1,297.04","1,286.50","","-0.35%"
"03/29/2019","1,292.15","1,290.14","1,299.82","1,286.60","","0.12%"
"03/28/2019","1,290.55","1,309.85","1,312.63","1,288.70","","-1.47%"
"03/27/2019","1,309.87","1,315.81","1,319.57","1,308.07","","-0.43%"
"03/26/2019","1,315.51","1,321.51","1,323.24","1,312.51","","-0.48%"
"03/25/2019","1,321.90","1,313.05","1,324.43","1,310.80","","0.65%"
"03/22/2019","1,313.38","1,309.14","1,315.08","1,306.81","","0.30%"
"03/21/2019","1,309.45","1,312.64","1,320.47","1,303.25","","-0.23%"
"03/20/2019","1,312.48","1,305.61","1,316.83","1,298.50","","0.45%"
"03/19/2019","1,306.55","1,303.45","1,311.07","1,302.45","","0.22%"
"03/18/2019","1,303.70","1,301.64","1,306.78","1,298.12","","0.18%"
"03/15/2019","1,301.38","1,295.74","1,306.58","1,293.66","","0.39%"
"03/14/2019","1,296.28","1,309.61","1,310.46","1,292.75","","-0.99%"
"03/13/2019","1,309.28","1,302.01","1,311.33","1,300.56","","0.56%"
"03/12/2019","1,302.01","1,293.71","1,302.19","1,292.06","","0.60%"
"03/11/2019","1,294.25","1,298.70","1,299.27","1,290.15","","-0.32%"
"03/08/2019","1,298.39","1,285.91","1,300.99","1,285.29","","0.98%"
"03/07/2019","1,285.74","1,286.71","1,289.06","1,281.16","","-0.08%"
"03/06/2019","1,286.76","1,287.62","1,291.07","1,283.45","","-0.05%"
"03/05/2019","1,287.43","1,286.67","1,289.75","1,280.95","","0.06%"
"03/04/2019","1,286.66","1,293.62","1,297.11","1,282.75","","-0.53%"
"03/01/2019","1,293.56","1,312.81","1,315.33","1,290.16","","-1.48%"
"02/28/2019","1,313.05","1,320.18","1,327.42","1,312.54","","-0.52%"
"02/27/2019","1,319.88","1,328.91","1,329.63","1,316.51","","-0.68%"
"02/26/2019","1,328.96","1,327.44","1,330.59","1,323.61","","0.14%"
"02/25/2019","1,327.12","1,328.57","1,332.59","1,325.03","","-0.05%"
"02/22/2019","1,327.80","1,323.52","1,333.17","1,321.16","","0.33%"
"02/21/2019","1,323.49","1,338.89","1,341.88","1,322.24","","-1.12%"
"02/20/2019","1,338.49","1,341.25","1,346.81","1,336.63","","-0.20%"
"02/19/2019","1,341.16","1,325.90","1,341.87","1,322.33","","1.07%"
"02/18/2019","1,326.90","1,321.95","1,328.39","1,321.11","","0.42%"
"02/15/2019","1,321.41","1,312.98","1,322.98","1,311.16","","0.68%"
"02/14/2019","1,312.55","1,306.16","1,314.43","1,302.63","","0.49%"
"02/13/2019","1,306.19","1,310.88","1,318.19","1,304.50","","-0.36%"
"02/12/2019","1,310.89","1,308.55","1,315.12","1,306.64","","0.20%"
"02/11/2019","1,308.33","1,314.22","1,314.88","1,303.58","","-0.44%"
"02/08/2019","1,314.07","1,310.14","1,315.72","1,307.23","","0.30%"
"02/07/2019","1,310.09","1,305.87","1,311.99","1,302.17","","0.30%"
"02/06/2019","1,306.22","1,315.03","1,315.88","1,305.38","","-0.67%"
"02/05/2019","1,315.01","1,311.75","1,316.86","1,310.30","","0.25%"
"02/04/2019","1,311.75","1,317.55","1,318.80","1,308.26","","-0.47%"
"02/01/2019","1,318.00","1,320.95","1,323.58","1,315.66","","-0.22%"
"01/31/2019","1,320.94","1,320.18","1,326.68","1,317.55","","0.08%"
"01/30/2019","1,319.91","1,312.27","1,323.74","1,308.81","","0.61%"
"01/29/2019","1,311.93","1,303.53","1,312.05","1,302.12","","0.64%"
"01/28/2019","1,303.53","1,303.49","1,304.49","1,297.26","","0.02%"
"01/25/2019","1,303.22","1,280.94","1,303.69","1,279.39","","1.74%"
"01/24/2019","1,280.94","1,282.74","1,285.15","1,276.97","","-0.11%"
"01/23/2019","1,282.39","1,285.34","1,286.92","1,278.38","","-0.21%"
"01/22/2019","1,285.04","1,279.73","1,285.84","1,277.25","","0.37%"
"01/21/2019","1,280.28","1,281.75","1,284.29","1,277.06","","-0.09%"
"01/18/2019","1,281.49","1,292.18","1,292.86","1,280.64","","-0.81%"
"01/17/2019","1,291.90","1,293.99","1,295.84","1,288.96","","-0.13%"
"01/16/2019","1,293.52","1,289.13","1,295.02","1,287.59","","0.33%"
"01/15/2019","1,289.31","1,291.76","1,294.70","1,286.37","","-0.19%"
"01/14/2019","1,291.73","1,287.16","1,295.90","1,287.16","","0.29%"
"01/11/2019","1,288.00","1,286.72","1,295.65","1,286.25","","0.13%"
"01/10/2019","1,286.38","1,293.11","1,297.14","1,285.81","","-0.52%"
"01/09/2019","1,293.13","1,285.36","1,293.95","1,279.63","","0.61%"
"01/08/2019","1,285.35","1,289.13","1,290.69","1,279.20","","-0.26%"
"01/07/2019","1,288.67","1,285.78","1,295.14","1,282.29","","0.29%"
"01/04/2019","1,284.92","1,294.06","1,298.51","1,276.49","","-0.70%"
"01/03/2019","1,293.99","1,285.12","1,295.27","1,284.16","","0.72%"
"01/02/2019","1,284.77","1,281.62","1,288.69","1,278.33","","0.17%"
"01/01/2019","1,282.62","1,283.13","1,283.24","1,282.62","","-0.02%"
"12/31/2018","1,282.82","1,280.08","1,284.18","1,277.09","","0.16%"
"12/28/2018","1,280.75","1,275.22","1,282.17","1,273.98","","0.43%"
"12/27/2018","1,275.22","1,266.89","1,279.04","1,266.09","","0.65%"
"12/26/2018","1,266.98","1,270.33","1,279.14","1,264.34","","-0.17%"
"12/24/2018","1,269.13","1,259.09","1,270.13","1,258.34","","1.04%"
"12/21/2018","1,256.01","1,260.10","1,262.84","1,253.37","","-0.33%"
"12/20/2018","1,260.14","1,243.70","1,266.79","1,242.89","","1.35%"
"12/19/2018","1,243.39","1,249.67","1,258.41","1,241.54","","-0.48%"
"12/18/2018","1,249.38","1,246.01","1,250.36","1,244.44","","0.28%"
"12/17/2018","1,245.91","1,237.25","1,248.18","1,235.47","","0.62%"
"12/14/2018","1,238.21","1,242.41","1,243.11","1,232.48","","-0.34%"
"12/13/2018","1,242.46","1,246.02","1,247.13","1,240.23","","-0.27%"
"12/12/2018","1,245.80","1,243.25","1,247.56","1,241.95","","0.23%"
"12/11/2018","1,242.94","1,244.53","1,249.62","1,240.55","","-0.13%"
"12/10/2018","1,244.59","1,250.43","1,250.62","1,241.21","","-0.28%"
"12/07/2018","1,248.10","1,238.32","1,250.42","1,237.49","","0.82%"
"12/06/2018","1,237.99","1,237.87","1,244.70","1,234.64","","0.03%"
"12/05/2018","1,237.56","1,238.54","1,239.35","1,232.96","","-0.08%"
"12/04/2018","1,238.55","1,231.35","1,242.24","1,230.41","","0.61%"
"12/03/2018","1,231.08","1,223.12","1,234.94","1,221.09","","0.75%"
"11/30/2018","1,221.97","1,223.97","1,225.65","1,216.24","","-0.17%"
"11/29/2018","1,223.99","1,221.43","1,229.35","1,220.49","","0.24%"
"11/28/2018","1,221.11","1,214.64","1,226.32","1,210.73","","0.53%"
"11/27/2018","1,214.69","1,222.65","1,225.60","1,211.74","","-0.63%"
"11/26/2018","1,222.37","1,224.00","1,228.13","1,221.14","","-0.07%"
"11/23/2018","1,223.19","1,227.33","1,229.27","1,220.53","","-0.35%"
"11/22/2018","1,227.45","1,226.69","1,229.80","1,225.30","","0.12%"
"11/21/2018","1,226.02","1,221.55","1,230.15","1,219.23","","0.37%"
"11/20/2018","1,221.55","1,224.37","1,229.17","1,219.67","","-0.20%"
"11/19/2018","1,224.05","1,221.76","1,225.26","1,217.52","","0.21%"
"11/16/2018","1,221.47","1,213.02","1,225.37","1,212.48","","0.70%"
"11/15/2018","1,213.00","1,210.87","1,216.36","1,207.56","","0.17%"
"11/14/2018","1,210.91","1,202.26","1,216.33","1,197.12","","0.71%"
"11/13/2018","1,202.35","1,200.96","1,205.57","1,196.29","","0.14%"
"11/12/2018","1,200.65","1,209.46","1,211.45","1,200.18","","-0.74%"
"11/09/2018","1,209.60","1,223.88","1,223.97","1,206.52","","-1.14%"
"11/08/2018","1,223.54","1,225.99","1,227.05","1,219.63","","-0.21%"
"11/07/2018","1,226.11","1,227.24","1,236.23","1,223.31","","-0.06%"
"11/06/2018","1,226.80","1,231.66","1,236.31","1,223.41","","-0.37%"
"11/05/2018","1,231.30","1,233.36","1,235.46","1,226.88","","-0.13%"
"11/02/2018","1,232.89","1,234.04","1,236.79","1,229.85","","-0.03%"
"11/01/2018","1,233.24","1,215.20","1,237.83","1,214.84","","1.54%"
"10/31/2018","1,214.54","1,223.00","1,223.70","1,211.92","","-0.73%"
"10/30/2018","1,223.44","1,230.17","1,231.45","1,220.22","","-0.51%"
"10/29/2018","1,229.74","1,234.16","1,235.79","1,224.45","","-0.31%"
"10/26/2018","1,233.59","1,232.24","1,243.73","1,229.80","","0.11%"
"10/25/2018","1,232.23","1,234.59","1,239.85","1,228.08","","-0.16%"
"10/24/2018","1,234.22","1,231.06","1,234.27","1,225.74","","0.30%"
"10/23/2018","1,230.49","1,222.32","1,240.00","1,221.72","","0.68%"
"10/22/2018","1,222.17","1,228.61","1,230.18","1,220.30","","-0.34%"
"10/19/2018","1,226.32","1,225.66","1,231.07","1,223.03","","0.05%"
"10/18/2018","1,225.75","1,222.35","1,230.85","1,218.78","","0.25%"
"10/17/2018","1,222.68","1,224.08","1,229.90","1,220.32","","-0.14%"
"10/16/2018","1,224.43","1,227.12","1,232.77","1,223.35","","-0.20%"
"10/15/2018","1,226.93","1,217.45","1,233.65","1,217.40","","0.74%"
"10/12/2018","1,217.93","1,224.17","1,224.45","1,215.61","","-0.52%"
"10/11/2018","1,224.33","1,195.01","1,226.87","1,191.30","","2.47%"
"10/10/2018","1,194.78","1,189.59","1,195.19","1,185.22","","0.43%"
"10/09/2018","1,189.62","1,189.01","1,192.23","1,183.49","","0.14%"
"10/08/2018","1,188.01","1,203.14","1,204.49","1,183.58","","-1.23%"
"10/05/2018","1,202.86","1,199.41","1,206.18","1,197.00","","0.27%"
"10/04/2018","1,199.66","1,197.35","1,207.11","1,195.76","","0.19%"
"10/03/2018","1,197.37","1,203.39","1,208.77","1,196.71","","-0.48%"
"10/02/2018","1,203.10","1,189.20","1,208.65","1,188.57","","1.23%"
"10/01/2018","1,188.47","1,192.55","1,192.95","1,184.95","","-0.30%"
"09/28/2018","1,192.09","1,183.21","1,194.00","1,180.74","","0.79%"
"09/27/2018","1,182.80","1,194.80","1,198.94","1,181.98","","-0.98%"
"09/26/2018","1,194.46","1,201.23","1,202.84","1,190.53","","-0.57%"
"09/25/2018","1,201.31","1,198.84","1,203.71","1,197.21","","0.20%"
"09/24/2018","1,198.86","1,198.56","1,204.48","1,194.23","","-0.06%"
"09/21/2018","1,199.55","1,207.52","1,211.47","1,191.97","","-0.66%"
"09/20/2018","1,207.58","1,204.16","1,209.14","1,201.47","","0.30%"
"09/19/2018","1,203.99","1,197.84","1,206.53","1,197.81","","0.47%"
"09/18/2018","1,198.35","1,202.14","1,204.28","1,196.21","","-0.21%"
"09/17/2018","1,200.93","1,193.18","1,205.20","1,192.97","","0.60%"
"09/14/2018","1,193.71","1,201.76","1,208.98","1,193.13","","-0.64%"
"09/13/2018","1,201.44","1,207.30","1,213.39","1,200.37","","-0.39%"
"09/12/2018","1,206.19","1,198.93","1,209.22","1,192.90","","0.66%"
"09/11/2018","1,198.29","1,195.73","1,200.12","1,187.95","","0.20%"
"09/10/2018","1,195.88","1,195.12","1,198.92","1,191.52","","0.00%"
"09/07/2018","1,195.86","1,200.03","1,204.03","1,193.28","","-0.36%"
"09/06/2018","1,200.14","1,197.19","1,207.36","1,195.59","","0.28%"
"09/05/2018","1,196.75","1,191.18","1,198.82","1,191.10","","0.45%"
"09/04/2018","1,191.35","1,201.29","1,202.31","1,189.55","","-0.82%"
"09/03/2018","1,201.15","1,200.59","1,204.59","1,196.11","","0.01%"
"08/31/2018","1,201.09","1,200.34","1,209.17","1,198.43","","0.10%"
"08/30/2018","1,199.88","1,206.32","1,208.18","1,196.32","","-0.56%"
"08/29/2018","1,206.66","1,201.28","1,207.73","1,200.90","","0.45%"
"08/28/2018","1,201.26","1,211.45","1,214.68","1,199.41","","-0.83%"
"08/27/2018","1,211.35","1,206.92","1,212.75","1,202.84","","0.45%"
"08/24/2018","1,205.97","1,185.32","1,208.87","1,183.32","","1.74%"
"08/23/2018","1,185.31","1,195.83","1,197.00","1,183.67","","-0.85%"
"08/22/2018","1,195.51","1,196.68","1,201.91","1,192.45","","-0.05%"
"08/21/2018","1,196.12","1,190.59","1,197.38","1,187.50","","0.47%"
"08/20/2018","1,190.53","1,183.71","1,191.21","1,182.63","","0.49%"
"08/17/2018","1,184.77","1,173.72","1,185.42","1,172.03","","0.90%"
"08/16/2018","1,174.16","1,175.73","1,182.59","1,160.56","","-0.06%"
"08/15/2018","1,174.88","1,194.50","1,195.22","1,173.33","","-1.60%"
"08/14/2018","1,194.03","1,194.17","1,199.04","1,192.14","","0.03%"
"08/13/2018","1,193.64","1,211.26","1,214.23","1,191.75","","-1.46%"
"08/10/2018","1,211.30","1,212.56","1,217.48","1,205.85","","-0.09%"
"08/09/2018","1,212.35","1,213.89","1,217.65","1,210.72","","-0.10%"
"08/08/2018","1,213.61","1,210.70","1,216.26","1,206.29","","0.21%"
"08/07/2018","1,211.02","1,207.67","1,216.54","1,207.67","","0.34%"
"08/06/2018","1,206.94","1,214.10","1,218.69","1,206.93","","-0.53%"
"08/03/2018","1,213.43","1,208.01","1,220.41","1,204.40","","0.45%"
"08/02/2018","1,207.96","1,215.25","1,221.42","1,207.20","","-0.67%"
"08/01/2018","1,216.05","1,224.00","1,225.36","1,215.76","","-0.64%"
"07/31/2018","1,223.83","1,221.73","1,228.74","1,214.82","","0.17%"
"07/30/2018","1,221.80","1,223.05","1,225.59","1,219.05","","-0.13%"
"07/27/2018","1,223.38","1,222.88","1,227.64","1,217.34","","0.06%"
"07/26/2018","1,222.67","1,231.31","1,235.57","1,222.17","","-0.73%"
"07/25/2018","1,231.61","1,224.31","1,234.64","1,223.10","","0.58%"
"07/24/2018","1,224.55","1,225.06","1,229.83","1,218.25","","0.00%"
"07/23/2018","1,224.54","1,231.28","1,235.49","1,222.08","","-0.59%"
"07/20/2018","1,231.76","1,223.49","1,232.68","1,215.84","","0.73%"
"07/19/2018","1,222.80","1,227.42","1,229.27","1,211.48","","-0.36%"
"07/18/2018","1,227.18","1,227.73","1,229.92","1,221.56","","-0.03%"
"07/17/2018","1,227.51","1,240.83","1,245.35","1,225.97","","-1.07%"
"07/16/2018","1,240.82","1,241.76","1,246.29","1,238.49","","-0.06%"
"07/13/2018","1,241.52","1,247.51","1,248.54","1,237.10","","-0.45%"
"07/12/2018","1,247.14","1,242.06","1,248.94","1,241.38","","0.40%"
"07/11/2018","1,242.16","1,255.81","1,257.27","1,241.29","","-1.07%"
"07/10/2018","1,255.65","1,257.69","1,260.70","1,247.23","","-0.17%"
"07/09/2018","1,257.76","1,255.12","1,266.26","1,255.12","","0.22%"
"07/06/2018","1,254.99","1,257.97","1,259.53","1,252.93","","-0.22%"
"07/05/2018","1,257.76","1,256.90","1,260.17","1,251.08","","0.06%"
"07/04/2018","1,256.95","1,252.42","1,261.85","1,252.16","","0.32%"
"07/03/2018","1,252.93","1,242.21","1,257.41","1,237.81","","0.88%"
"07/02/2018","1,241.97","1,253.50","1,254.61","1,239.59","","-0.88%"
"06/29/2018","1,253.00","1,247.74","1,256.38","1,246.51","","0.38%"
"06/28/2018","1,248.28","1,251.91","1,254.65","1,245.71","","-0.30%"
"06/27/2018","1,252.02","1,258.21","1,260.52","1,250.70","","-0.55%"
"06/26/2018","1,258.99","1,265.72","1,268.03","1,254.51","","-0.55%"
"06/25/2018","1,266.00","1,272.66","1,273.54","1,264.80","","-0.26%"
"06/22/2018","1,269.28","1,267.70","1,271.79","1,266.90","","0.16%"
"06/21/2018","1,267.20","1,268.58","1,270.49","1,261.22","","-0.07%"
"06/20/2018","1,268.10","1,274.75","1,276.64","1,267.80","","-0.52%"
"06/19/2018","1,274.76","1,278.41","1,284.46","1,270.39","","-0.28%"
"06/18/2018","1,278.31","1,279.16","1,282.02","1,277.08","","-0.12%"
"06/15/2018","1,279.84","1,302.15","1,303.92","1,275.85","","-1.72%"
"06/14/2018","1,302.22","1,299.85","1,309.69","1,297.34","","0.19%"
"06/13/2018","1,299.71","1,295.47","1,301.53","1,292.55","","0.29%"
"06/12/2018","1,295.97","1,300.09","1,300.88","1,293.00","","-0.32%"
"06/11/2018","1,300.14","1,299.17","1,302.57","1,294.13","","0.11%"
"06/08/2018","1,298.75","1,297.32","1,301.27","1,294.20","","0.13%"
"06/07/2018","1,297.12","1,296.41","1,303.48","1,295.08","","0.01%"
"06/06/2018","1,297.00","1,297.15","1,302.85","1,294.63","","0.07%"
"06/05/2018","1,296.13","1,292.34","1,300.94","1,289.79","","0.32%"
"06/04/2018","1,291.98","1,293.16","1,298.47","1,290.27","","-0.09%"
"06/01/2018","1,293.14","1,298.98","1,300.72","1,289.52","","-0.40%"
"05/31/2018","1,298.32","1,301.51","1,306.86","1,297.90","","-0.24%"
"05/30/2018","1,301.48","1,299.02","1,304.70","1,295.75","","0.20%"
"05/29/2018","1,298.86","1,298.68","1,307.14","1,294.30","","0.06%"
"05/28/2018","1,298.11","1,298.74","1,300.47","1,295.62","","-0.27%"
"05/25/2018","1,301.61","1,304.44","1,308.24","1,300.05","","-0.25%"
"05/24/2018","1,304.88","1,294.06","1,306.97","1,292.91","","0.86%"
"05/23/2018","1,293.75","1,291.50","1,298.59","1,288.61","","0.19%"
"05/22/2018","1,291.32","1,292.85","1,296.44","1,287.80","","-0.11%"
"05/21/2018","1,292.68","1,290.90","1,293.53","1,282.15","","0.01%"
"05/18/2018","1,292.50","1,291.35","1,295.26","1,286.81","","0.12%"
"05/17/2018","1,291.00","1,291.13","1,295.29","1,286.41","","0.00%"
"05/16/2018","1,291.03","1,290.32","1,297.67","1,287.01","","0.03%"
"05/15/2018","1,290.64","1,313.09","1,315.24","1,288.71","","-1.69%"
"05/14/2018","1,312.82","1,318.56","1,322.76","1,312.82","","-0.41%"
"05/11/2018","1,318.22","1,321.57","1,326.49","1,317.94","","-0.24%"
"05/10/2018","1,321.39","1,312.12","1,323.14","1,310.89","","0.66%"
"05/09/2018","1,312.78","1,314.46","1,317.78","1,304.48","","-0.13%"
"05/08/2018","1,314.47","1,313.57","1,318.08","1,306.20","","0.01%"
"05/07/2018","1,314.30","1,315.03","1,319.22","1,310.29","","-0.06%"
"05/04/2018","1,315.05","1,312.30","1,315.61","1,308.41","","0.23%"
"05/03/2018","1,312.09","1,305.18","1,318.91","1,305.02","","0.55%"
"05/02/2018","1,304.85","1,304.38","1,313.80","1,303.94","","0.07%"
"05/01/2018","1,303.97","1,315.58","1,316.69","1,301.88","","-0.87%"
"04/30/2018","1,315.36","1,322.81","1,325.34","1,310.51","","-0.56%"
"04/27/2018","1,322.80","1,317.57","1,326.11","1,316.26","","0.42%"
"04/26/2018","1,317.28","1,322.39","1,326.96","1,315.45","","-0.46%"
"04/25/2018","1,323.33","1,330.12","1,332.40","1,318.90","","-0.55%"
"04/24/2018","1,330.68","1,324.71","1,333.04","1,322.60","","0.43%"
"04/23/2018","1,325.00","1,335.81","1,336.38","1,322.81","","-0.76%"
"04/20/2018","1,335.12","1,346.06","1,346.56","1,335.07","","-0.78%"
"04/19/2018","1,345.60","1,349.33","1,355.12","1,341.23","","-0.28%"
"04/18/2018","1,349.32","1,347.50","1,356.14","1,342.10","","0.15%"
"04/17/2018","1,347.29","1,345.65","1,349.80","1,337.73","","0.10%"
"04/16/2018","1,345.91","1,344.58","1,350.89","1,340.17","","0.03%"
"04/13/2018","1,345.46","1,335.20","1,347.50","1,335.20","","0.75%"
"04/12/2018","1,335.48","1,352.70","1,353.60","1,333.96","","-1.32%"
"04/11/2018","1,353.29","1,339.94","1,365.61","1,339.68","","0.99%"
"04/10/2018","1,340.05","1,336.87","1,343.55","1,331.81","","0.29%"
"04/09/2018","1,336.24","1,333.14","1,338.36","1,326.98","","0.23%"
"04/06/2018","1,333.20","1,326.38","1,335.59","1,321.47","","0.50%"
"04/05/2018","1,326.55","1,333.02","1,335.29","1,322.80","","-0.51%"
"04/04/2018","1,333.35","1,332.82","1,348.45","1,331.59","","0.04%"
"04/03/2018","1,332.83","1,340.69","1,342.87","1,329.18","","-0.64%"
"04/02/2018","1,341.35","1,326.20","1,345.26","1,324.90","","1.23%"
"03/29/2018","1,325.00","1,325.41","1,329.32","1,322.21","","0.00%"
"03/28/2018","1,324.99","1,345.74","1,347.39","1,323.59","","-1.47%"
"03/27/2018","1,344.71","1,353.51","1,357.06","1,340.16","","-0.65%"
"03/26/2018","1,353.46","1,347.91","1,356.37","1,343.55","","0.46%"
"03/23/2018","1,347.22","1,329.17","1,350.66","1,329.17","","1.37%"
"03/22/2018","1,328.95","1,332.15","1,335.23","1,324.88","","-0.24%"
"03/21/2018","1,332.17","1,311.28","1,336.96","1,309.98","","1.60%"
"03/20/2018","1,311.21","1,317.00","1,318.66","1,307.31","","-0.44%"
"03/19/2018","1,316.94","1,313.94","1,320.07","1,307.89","","0.22%"
"03/16/2018","1,314.00","1,317.11","1,322.67","1,310.31","","-0.17%"
"03/15/2018","1,316.26","1,324.39","1,328.16","1,315.05","","-0.66%"
"03/14/2018","1,325.00","1,326.42","1,330.42","1,321.91","","-0.10%"
"03/13/2018","1,326.39","1,322.81","1,328.66","1,316.79","","0.25%"
"03/12/2018","1,323.05","1,323.69","1,324.67","1,315.39","","-0.05%"
"03/09/2018","1,323.70","1,322.32","1,325.15","1,313.05","","0.10%"
"03/08/2018","1,322.35","1,325.84","1,329.39","1,319.19","","-0.24%"
"03/07/2018","1,325.54","1,334.50","1,340.47","1,321.95","","-0.67%"
"03/06/2018","1,334.46","1,320.36","1,338.89","1,319.91","","1.09%"
"03/05/2018","1,320.01","1,323.75","1,327.92","1,317.26","","-0.17%"
"03/02/2018","1,322.20","1,316.51","1,325.51","1,314.93","","0.43%"
"03/01/2018","1,316.55","1,318.53","1,321.30","1,302.99","","-0.11%"
"02/28/2018","1,318.05","1,318.53","1,322.82","1,315.80","","-0.01%"
"02/27/2018","1,318.20","1,333.13","1,336.74","1,313.32","","-1.12%"
"02/26/2018","1,333.16","1,327.56","1,340.91","1,326.42","","0.32%"
"02/23/2018","1,328.94","1,331.80","1,332.23","1,325.58","","-0.19%"
"02/22/2018","1,331.51","1,323.93","1,332.20","1,320.69","","0.55%"
"02/21/2018","1,324.26","1,329.82","1,336.58","1,322.60","","-0.39%"
"02/20/2018","1,329.49","1,346.74","1,348.21","1,328.22","","-1.28%"
"02/19/2018","1,346.69","1,347.50","1,351.35","1,345.99","","-0.09%"
"02/16/2018","1,347.86","1,353.29","1,361.84","1,344.78","","-0.40%"
"02/15/2018","1,353.30","1,350.78","1,357.18","1,348.41","","0.19%"
"02/14/2018","1,350.76","1,329.53","1,355.57","1,319.42","","1.60%"
"02/13/2018","1,329.55","1,322.29","1,330.96","1,321.39","","0.50%"
"02/12/2018","1,322.88","1,315.04","1,326.20","1,314.11","","0.47%"
"02/09/2018","1,316.69","1,318.87","1,322.71","1,311.06","","-0.17%"
"02/08/2018","1,318.97","1,318.61","1,322.17","1,306.90","","0.04%"
"02/07/2018","1,318.49","1,325.16","1,332.49","1,312.05","","-0.49%"
"02/06/2018","1,325.02","1,339.68","1,346.08","1,320.04","","-1.09%"
"02/05/2018","1,339.60","1,332.32","1,341.70","1,328.88","","0.50%"
"02/02/2018","1,332.98","1,349.16","1,350.12","1,327.21","","-1.20%"
"02/01/2018","1,349.19","1,345.40","1,351.42","1,337.30","","0.30%"
"01/31/2018","1,345.10","1,338.87","1,347.93","1,332.70","","0.49%"
"01/30/2018","1,338.55","1,340.67","1,349.12","1,334.48","","-0.13%"
"01/29/2018","1,340.35","1,350.07","1,352.65","1,337.74","","-0.73%"
"01/26/2018","1,350.14","1,348.36","1,357.39","1,344.38","","0.16%"
"01/25/2018","1,348.05","1,358.48","1,366.47","1,343.10","","-0.74%"
"01/24/2018","1,358.15","1,341.45","1,361.88","1,339.27","","1.25%"
"01/23/2018","1,341.39","1,334.45","1,342.22","1,331.54","","0.55%"
"01/22/2018","1,334.11","1,334.88","1,336.04","1,328.71","","0.17%"
"01/19/2018","1,331.80","1,327.49","1,338.37","1,326.46","","0.35%"
"01/18/2018","1,327.19","1,327.75","1,333.14","1,323.79","","-0.04%"
"01/17/2018","1,327.73","1,338.29","1,343.99","1,326.73","","-0.81%"
"01/16/2018","1,338.61","1,340.06","1,342.35","1,331.73","","-0.12%"
"01/15/2018","1,340.16","1,337.05","1,344.93","1,336.14","","0.13%"
"01/12/2018","1,338.40","1,322.82","1,339.40","1,321.16","","1.21%"
"01/11/2018","1,322.42","1,316.89","1,323.98","1,315.49","","0.40%"
"01/10/2018","1,317.19","1,313.28","1,326.94","1,308.29","","0.35%"
"01/09/2018","1,312.66","1,320.63","1,320.68","1,308.80","","-0.60%"
"01/08/2018","1,320.58","1,320.04","1,322.22","1,314.97","","0.03%"